method,method_family,budget_label,n,token_f1,token_f1_ci_low,token_f1_ci_high,rouge_l,rouge_l_ci_low,rouge_l_ci_high,exact_match,exact_match_ci_low,exact_match_ci_high,date_f1,date_f1_ci_low,date_f1_ci_high,number_f1,number_f1_ci_low,number_f1_ci_high,entity_f1,entity_f1_ci_low,entity_f1_ci_high,llm_judge_score,llm_judge_score_ci_low,llm_judge_score_ci_high,evidence_recall,evidence_recall_ci_low,evidence_recall_ci_high,evidence_session_recall,evidence_session_recall_ci_low,evidence_session_recall_ci_high,answerable_context_rate,answerable_context_rate_ci_low,answerable_context_rate_ci_high,perplexity,perplexity_ci_low,perplexity_ci_high,latency,latency_ci_low,latency_ci_high
bm25,real_method,1024,32,0.08198408390740311,0.04297183109236923,0.1316618803096514,0.13268125124574845,0.07925705045342833,0.19323943903071347,0.0,0.0,0.0,0.0,0.0,0.0,0.1111111111111111,0.0,0.2777777777777778,0.09583333333333333,0.02078125,0.18958333333333333,0.5,0.3387096774193548,0.6616935483870964,0.31436011904761907,0.16961495535714285,0.4765625,0.6739583333333333,0.5333333333333333,0.8125,0.125,0.03125,0.25,13042570.169258744,978959.3107918095,32181720.329613425,0.601803125,0.509007578125,0.706201796875
bm25,real_method,128,32,0.038341540462979745,0.018111746706012073,0.06444338222753702,0.06919622855904715,0.030668140260227027,0.11199350778063766,0.0,0.0,0.0,0.0,0.0,0.0,0.0625,0.0,0.1875,0.07291666666666666,0.0,0.16666666666666666,0.22580645161290322,0.0963709677419355,0.3709677419354839,0.09821428571428571,0.004464285714285714,0.21875,0.39427083333333335,0.23951822916666665,0.5520833333333333,0.03125,0.0,0.09375,348070825.15411,10703436.90420097,970537103.4817096,0.39932812500000003,0.33386687499999995,0.470475078125
bm25,real_method,2048,32,0.08064831800607336,0.03909557738787162,0.13056981325967743,0.13771814436018903,0.08581803090141402,0.196041046287883,0.0,0.0,0.0,0.0,0.0,0.0,0.1111111111111111,0.0,0.2777777777777778,0.12767857142857142,0.050595238095238096,0.22604166666666664,0.532258064516129,0.3548387096774194,0.6935483870967742,0.36227678571428573,0.21404575892857144,0.5229185267857143,0.721875,0.5707552083333333,0.8625,0.1875,0.0625,0.34375,7504560.456325945,619560.7360592572,20201119.429221835,0.7750812499999999,0.644864375,0.923251875
bm25,real_method,256,32,0.04947736945019554,0.027352053140096623,0.07811666091557398,0.09510968171853722,0.0556777355210859,0.1380547514213195,0.0,0.0,0.0,0.0,0.0,0.0,0.125,0.0,0.3125,0.08854166666666666,0.020833333333333332,0.18749999999999997,0.3225806451612903,0.16129032258064516,0.4838709677419355,0.1607142857142857,0.0625,0.2947544642857141,0.44218749999999996,0.2827994791666667,0.6094140625,0.03125,0.0,0.09375,16015258.391520705,1079842.5498298542,45001766.73177223,0.41341874999999995,0.351748984375,0.4762164843749999
bm25,real_method,4096,32,0.07715171711047822,0.03866218052972413,0.12782771156686928,0.1464258557780141,0.09048899351885352,0.20643038968766741,0.0,0.0,0.0,0.0,0.0,0.0,0.1111111111111111,0.0,0.2777777777777778,0.11934523809523809,0.04582217261904762,0.21265997023809521,0.5,0.3548387096774194,0.6451612903225806,0.40133928571428573,0.2536439732142857,0.5680394345238095,0.8739583333333333,0.7552083333333333,0.9688281249999999,0.1875,0.0625,0.34375,42880046.13031942,2973940.592335858,111191651.14507838,0.8927968749999999,0.7588796875,1.052365
bm25,real_method,512,32,0.06925751859115829,0.03486383580420805,0.11504586523141211,0.12659494164480345,0.08131486632228188,0.18027102410689416,0.0,0.0,0.0,0.0,0.0,0.0,0.1111111111111111,0.0,0.2777777777777778,0.06770833333333333,0.0,0.140625,0.43548387096774194,0.27419354838709675,0.6129032258064516,0.2726934523809524,0.140625,0.4289620535714286,0.5489583333333333,0.4,0.7041927083333333,0.09375,0.0,0.1875,5880369.983566664,403867.2829671711,15497067.62236231,0.516965625,0.41887031250000006,0.6234254687499999
bm25,real_method,64,32,0.03600270236299648,0.013009344362745097,0.06986443014705883,0.05000707337150667,0.021485951264563794,0.08851249140006878,0.0,0.0,0.0,0.0,0.0,0.0,0.044444444444444446,0.0,0.13333333333333336,0.03645833333333333,0.0,0.09908854166666654,0.125,0.03125,0.25,0.06696428571428571,0.0,0.16517857142857142,0.26666666666666666,0.13125,0.41671874999999997,0.03125,0.0,0.09375,98972106.4515425,22170135.472039662,205558633.14624125,0.421565625,0.375233046875,0.47687828125
bm25,real_method,None,32,0.08207880893270633,0.04254377812367116,0.1294969211959827,0.14775282411107535,0.09068610747826888,0.20852087683884146,0.0,0.0,0.0,0.0,0.0,0.0,0.1111111111111111,0.0,0.2777777777777778,0.11726190476190476,0.04538690476190476,0.2095349702380952,0.5,0.3387096774193548,0.6612903225806451,0.42477678571428573,0.2769549851190476,0.5856324404761903,0.9114583333333333,0.796875,1.0,0.1875,0.0625,0.34375,676658110.5507578,13023178.893426986,1978887621.2783468,1.073096875,0.8909794531249999,1.28320578125
bm25_window,real_method,1024,32,0.12043658183603836,0.07145408584471086,0.17977875521217912,0.19621335605317297,0.1315481811861603,0.2678677474596024,0.0,0.0,0.0,0.0,0.0,0.0,0.125,0.0,0.3125,0.14100378787878787,0.056216856060606064,0.24376183712121208,0.5645161290322581,0.4032258064516129,0.7258064516129032,0.4503720238095238,0.2972470238095238,0.6057607886904761,0.7208333333333333,0.5831770833333333,0.8583333333333334,0.25,0.09375,0.40625,76130979.70020841,557797.1567109195,217285944.5471418,0.473775,0.40740578124999993,0.54619546875
bm25_window,real_method,128,32,0.024800857843137254,0.009189644607843137,0.04467333026960783,0.046660539215686275,0.015915670955882356,0.0873062193627451,0.0,0.0,0.0,0.0,0.0,0.0,0.0,0.0,0.0,0.07291666666666666,0.0,0.16666666666666666,0.11290322580645161,0.016129032258064516,0.22580645161290322,0.08549107142857143,0.0140625,0.18445312499999994,0.5479166666666666,0.39057291666666666,0.7083333333333334,0.03125,0.0,0.09375,15315223210.915503,25320658.849347897,45820193884.247215,0.398490625,0.33878664062499997,0.4641946875
bm25_window,real_method,2048,32,0.09759462461075363,0.04926373106060606,0.1496033983004749,0.15350616327311467,0.09198895696690555,0.21970596759893038,0.0,0.0,0.0,0.0,0.0,0.0,0.1111111111111111,0.0,0.2777777777777778,0.13749999999999998,0.05513020833333333,0.240625,0.46774193548387094,0.2903225806451613,0.6290322580645161,0.49203869047619053,0.33854166666666663,0.6458854166666665,0.7583333333333333,0.6145833333333333,0.8854166666666666,0.25,0.09375,0.40625,162054692.57873425,1358421.236601092,471487033.1858492,0.594709375,0.525266328125,0.6856599218749999
bm25_window,real_method,256,32,0.02997600524690308,0.011101973684210528,0.055114849836695796,0.06952803399820714,0.03021561037249041,0.1173619916816593,0.0,0.0,0.0,0.0,0.0,0.0,0.0,0.0,0.0,0.041666666666666664,0.0,0.10416666666666666,0.21875,0.0625,0.375,0.1349702380952381,0.04389880952380952,0.25004464285714284,0.5697916666666667,0.41132812499999993,0.72921875,0.03125,0.0,0.09375,97778407.69196731,12467374.085481536,218347746.17454374,0.42294999999999994,0.346209453125,0.5369190625
bm25_window,real_method,4096,32,0.10596121647074559,0.059302564716931835,0.15970076756374327,0.15729654217564953,0.10262441104388426,0.22211567435159796,0.0,0.0,0.0,0.0,0.0,0.0,0.1111111111111111,0.0,0.2777777777777778,0.1456730769230769,0.06145833333333334,0.24584334935897437,0.5483870967741935,0.3870967741935484,0.7096774193548387,0.5337053571428572,0.37726748511904756,0.6931231398809524,0.8322916666666667,0.7124479166666667,0.9375520833333333,0.25,0.09375,0.40625,86220222.53166702,7587689.93271822,231846119.61412707,0.91939375,0.7986039843749999,1.056303359375
bm25_window,real_method,512,32,0.09348593446235622,0.046173927545155986,0.15357577223673063,0.12951686435513055,0.07417402971047933,0.19247868777965205,0.0,0.0,0.0,0.0,0.0,0.0,0.0,0.0,0.0,0.09791666666666665,0.025,0.1854427083333333,0.375,0.21875,0.53125,0.3235119047619048,0.1793117559523809,0.4760937499999999,0.5947916666666666,0.43742187499999996,0.7604166666666666,0.15625,0.03125,0.28125,860454673.1712304,13323404.682236817,2529464862.1155534,0.447928125,0.360535703125,0.5753792187500001
bm25_window,real_method,64,32,0.024958560107500055,0.010335842225609756,0.0449847443202493,0.03644877145330663,0.016892299671385242,0.06075792355617677,0.0,0.0,0.0,0.0,0.0,0.0,0.044444444444444446,0.0,0.13333333333333336,0.06392045454545454,0.0,0.15767045454545453,0.09375,0.0,0.21875,0.03571428571428571,0.0,0.10279017857142847,0.5479166666666666,0.39057291666666666,0.7083333333333334,0.0,0.0,0.0,240663270.39121974,19646674.63780251,569486674.9352032,0.447325,0.39035609375,0.5130978125
bm25_window,real_method,None,32,0.09219846183499228,0.046067971942185905,0.14823858116753055,0.14425305431723548,0.08861384368458121,0.20812226858077923,0.0,0.0,0.0,0.0,0.0,0.0,0.16666666666666666,0.0,0.3888888888888889,0.10052083333333334,0.03125,0.18385416666666665,0.609375,0.453125,0.765625,0.5829613095238095,0.4288969494047619,0.7388392857142857,0.921875,0.8125,1.0,0.25,0.09375,0.40625,155303575.855085,19960105.033590157,372685652.28060085,2.16820625,1.9588178906250002,2.4256505468749996
dense_retrieval,real_method,1024,32,0.08306944973757736,0.04100090532276279,0.13692535564599026,0.13840876386984458,0.0834320961779982,0.19743592116947378,0.0,0.0,0.0,0.0,0.0,0.0,0.1,0.0,0.25,0.12083333333333332,0.04778645833333334,0.20940104166666662,0.5806451612903226,0.4032258064516129,0.7419354838709677,0.3779017857142857,0.2317596726190476,0.5323121279761904,0.5973958333333333,0.4426953125,0.734375,0.1875,0.0625,0.3125,1338826405.8393967,1108427.1443107016,4005345911.168527,0.618971875,0.48877203125,0.7795928906249999
dense_retrieval,real_method,128,32,0.07164194862236321,0.023591359654039485,0.1520968308261086,0.09265668484091139,0.03654952066684676,0.17052774093708947,0.03125,0.0,0.09375,0.0,0.0,0.0,0.1111111111111111,0.0,0.2777777777777778,0.11770833333333333,0.03125,0.2323697916666666,0.22580645161290322,0.0967741935483871,0.3709677419354839,0.203125,0.078125,0.359375,0.30208333333333337,0.14583333333333334,0.4585937499999998,0.0625,0.0,0.15625,1222127406.802596,15957962.138493937,3434445887.0984483,0.447815625,0.385308203125,0.5210195312499999
dense_retrieval,real_method,2048,32,0.09006387171659037,0.04687800790862903,0.14356277069454917,0.1347190958791429,0.08466847844178464,0.1891942508484273,0.0,0.0,0.0,0.0,0.0,0.0,0.1111111111111111,0.0,0.2777777777777778,0.12142857142857141,0.04761904761904762,0.20908482142857143,0.5806451612903226,0.43548387096774194,0.7419354838709677,0.4789434523809523,0.32840959821428567,0.6372953869047618,0.803125,0.66875,0.9125,0.1875,0.0625,0.3125,8122994.908837279,1498362.0998199661,18677984.75526288,0.71716875,0.590158828125,0.851734921875
dense_retrieval,real_method,256,32,0.05945407548584288,0.026193795481479307,0.10347199066226692,0.1103733463638587,0.05941476889556376,0.16651244278530283,0.0,0.0,0.0,0.0,0.0,0.0,0.1111111111111111,0.0,0.2777777777777778,0.1328125,0.0416015625,0.24218749999999997,0.41935483870967744,0.25806451612903225,0.5967741935483871,0.265625,0.13541666666666666,0.41666666666666663,0.45572916666666663,0.2890625,0.6145833333333333,0.0625,0.0,0.15625,978158726.5856122,1663644.7045683714,2892725719.633792,0.83783125,0.6188814062499999,1.075133671875
dense_retrieval,real_method,4096,32,0.09232017315635702,0.05198414332139912,0.14237424784275854,0.15006190467229408,0.09186114405944713,0.20960443393150874,0.0,0.0,0.0,0.0,0.0,0.0,0.05555555555555555,0.0,0.16666666666666666,0.09254807692307691,0.03004807692307692,0.1695012019230769,0.625,0.484375,0.78125,0.544345238095238,0.3944177827380952,0.6901339285714285,0.9265625,0.8358984375,0.9921875,0.1875,0.0625,0.3125,69020297.61471234,1939115.2058543898,184685290.94219998,0.9417,0.8010300781249999,1.1062657812499996
dense_retrieval,real_method,512,32,0.08609722905540573,0.04096455195415486,0.1441084447155288,0.13249329402530624,0.07518683862433863,0.19282427079540268,0.0,0.0,0.0,0.0,0.0,0.0,0.125,0.0,0.3125,0.11979166666666666,0.03125,0.22395833333333331,0.46774193548387094,0.30604838709677423,0.6290322580645161,0.3359375,0.19270833333333331,0.49479166666666663,0.48177083333333337,0.3125,0.6354817708333332,0.09375,0.0,0.21875,503876867.55566025,1103126.4901930986,1501085861.9393997,0.47259375000000003,0.400543984375,0.55640515625
dense_retrieval,real_method,64,32,0.02123390858152855,0.00891155091038992,0.03705614248770449,0.030439866183867733,0.012837443935063905,0.05260202983935568,0.0,0.0,0.0,0.0,0.0,0.0,0.044444444444444446,0.0,0.13333333333333336,0.0625,0.0,0.15625,0.0625,0.0,0.1570312499999993,0.03125,0.0,0.09375,0.21875,0.09375,0.375,0.0,0.0,0.0,252479645.26146546,31655311.09034816,631084390.4877074,0.40716562500000003,0.35409999999999997,0.47462992187499997
dense_retrieval,real_method,None,32,0.09839056175838407,0.05796459308231909,0.14769422888602188,0.14042572078420354,0.09270868247161855,0.19348102422546215,0.0,0.0,0.0,0.0,0.0,0.0,0.05555555555555555,0.0,0.16666666666666666,0.09687499999999999,0.03125,0.17817708333333326,0.609375,0.453125,0.765625,0.5547619047619047,0.4151785714285714,0.6979296875,0.9578125,0.9046093749999999,1.0,0.1875,0.0625,0.3125,180996333.566909,8323387.716366155,502196859.53677994,1.0016281249999999,0.886230234375,1.1117439843749999
dense_retrieval_window,real_method,1024,32,0.09820803693086302,0.05006277677133656,0.15600528754910548,0.18719499899829684,0.13011727249288163,0.24723161402615185,0.0,0.0,0.0,0.0,0.0,0.0,0.1111111111111111,0.0,0.2777777777777778,0.134375,0.05208333333333333,0.23231770833333332,0.625,0.46875,0.78125,0.5727678571428572,0.42167782738095233,0.7156436011904761,0.7770833333333333,0.6415624999999999,0.8958333333333333,0.21875,0.09375,0.375,87534977.17025518,2133188.585788953,251976418.00947648,0.46616562500000003,0.400259296875,0.547307421875
dense_retrieval_window,real_method,128,32,0.019880645077179807,0.007663754497809762,0.03609130553817272,0.04757567799847212,0.02065724372135218,0.08131045386904762,0.0,0.0,0.0,0.0,0.0,0.0,0.0,0.0,0.0,0.06380208333333333,0.0,0.1524414062499999,0.203125,0.078125,0.34375,0.1,0.0233984375,0.19691406249999996,0.6104166666666666,0.459375,0.765625,0.03125,0.0,0.09375,679935515.2576243,8141243.785236983,1905117675.8063061,0.39766874999999996,0.33514921875000003,0.4815815625
dense_retrieval_window,real_method,2048,32,0.10149878249134542,0.05483098739829646,0.15926099531943713,0.18776559681737026,0.13140674806775351,0.2533718034127073,0.0,0.0,0.0,0.0,0.0,0.0,0.1111111111111111,0.0,0.2777777777777778,0.134375,0.05208333333333333,0.23231770833333332,0.6290322580645161,0.46774193548387094,0.7741935483870968,0.6508928571428572,0.49977306547619044,0.7885546875,0.825,0.6979166666666666,0.9270833333333333,0.25,0.09375,0.40625,541875039.3080107,919446.1286728722,1621688897.305317,0.5994937499999999,0.5249603906250001,0.6867624218749999
dense_retrieval_window,real_method,256,32,0.045983278649182543,0.015216230026012634,0.08661672649480141,0.07830491878464907,0.03979856154729829,0.12391256666900893,0.0,0.0,0.0,0.0,0.0,0.0,0.0,0.0,0.0,0.041666666666666664,0.0,0.10416666666666666,0.1875,0.0625,0.34375,0.146875,0.0453125,0.28125,0.6104166666666666,0.459375,0.765625,0.0625,0.0,0.15625,2509760760.365117,8707050.177164862,7484957753.187385,0.5783125,0.424955703125,0.73784359375
dense_retrieval_window,real_method,4096,32,0.10031205508179192,0.05486526560950903,0.15449136234498076,0.1821891612227457,0.12584446551309744,0.24254608872811073,0.0,0.0,0.0,0.0,0.0,0.0,0.1111111111111111,0.0,0.2777777777777778,0.13749999999999998,0.05513020833333333,0.240625,0.6290322580645161,0.4838709677419355,0.7903225806451613,0.6717261904761904,0.5216276041666666,0.8046968005952381,0.8416666666666667,0.7186979166666667,0.9375,0.25,0.09375,0.40625,187784538.06368995,11614430.183983332,519262322.6485591,0.8381562499999999,0.758839140625,0.930318828125
dense_retrieval_window,real_method,512,32,0.09704697714566135,0.05276467547437942,0.15526093058987797,0.16159827015090172,0.10325722431807959,0.22659958645156014,0.0,0.0,0.0,0.0,0.0,0.0,0.05555555555555555,0.0,0.16666666666666666,0.09933712121212121,0.025,0.1924573863636363,0.5161290322580645,0.3225806451612903,0.6774193548387096,0.41651785714285716,0.2740327380952381,0.5703273809523809,0.6885416666666666,0.546875,0.8281510416666666,0.15625,0.0625,0.28125,1891840121.2154193,761021.7828387875,5666002095.099167,0.4243,0.357423984375,0.495192734375
dense_retrieval_window,real_method,64,32,0.029018164540063517,0.013192501864876386,0.04827737862494496,0.05272236430804206,0.024737502156659767,0.08777119933118172,0.0,0.0,0.0,0.0,0.0,0.0,0.044444444444444446,0.0,0.13333333333333336,0.065625,0.0,0.159375,0.125,0.03125,0.25,0.0546875,0.0,0.140625,0.6104166666666666,0.459375,0.765625,0.0,0.0,0.0,324697400.1845917,16613622.079381736,916739932.3013593,0.40480625000000003,0.36490898437499997,0.44952531249999994
dense_retrieval_window,real_method,None,32,0.10983200261556027,0.06463459738437718,0.16235636658999394,0.15489436829109152,0.10072617986203083,0.21459908409689388,0.0,0.0,0.0,0.0,0.0,0.0,0.1,0.0,0.25,0.13084935897435898,0.04851562500000001,0.22732371794871792,0.6935483870967742,0.5483870967741935,0.8387096774193549,0.7633928571428572,0.6205264136904762,0.8880301339285713,0.9640625,0.9203125,1.0,0.25,0.09375,0.40625,1111225702.6260357,20759291.01487138,2793074126.644011,2.0714812499999997,1.83162625,2.3304831249999998
hybrid,real_method,1024,32,0.07764122880856804,0.042572997288555806,0.11977960408082329,0.11566968400105529,0.07110619235459346,0.17250380107033841,0.0,0.0,0.0,0.0,0.0,0.0,0.1111111111111111,0.0,0.2777777777777778,0.10610119047619047,0.029017857142857144,0.21446056547619044,0.3387096774193548,0.1935483870967742,0.5161290322580645,0.27529761904761907,0.13392857142857142,0.43154761904761907,0.653125,0.5051822916666666,0.8072916666666666,0.09375,0.0,0.21875,11991545.841204166,1056085.1353622838,30536970.13002907,0.589040625,0.46905890625,0.772811953125
hybrid,real_method,128,32,0.02285133256201031,0.00784313725490196,0.041129033588072905,0.03161869367312142,0.010937500000000003,0.05791829605483498,0.0,0.0,0.0,0.0,0.0,0.0,0.0,0.0,0.0,0.020833333333333332,0.0,0.08333333333333333,0.015625,0.0,0.046875,0.0,0.0,0.0,0.0,0.0,0.0,0.0,0.0,0.0,5362459773.691273,50254970.43799648,15792049642.452843,0.373,0.3348658593750001,0.413120234375
hybrid,real_method,2048,32,0.08263158512239395,0.043712242108381816,0.1242957970338485,0.14451942458448844,0.0911496952224869,0.20298994827197225,0.0,0.0,0.0,0.0,0.0,0.0,0.18518518518518517,0.0,0.37037037037037035,0.09479166666666666,0.025,0.1885677083333333,0.5,0.3387096774193548,0.6612903225806451,0.31279761904761905,0.16517857142857142,0.47089285714285706,0.809375,0.68125,0.921875,0.125,0.03125,0.25,5506959.931201905,599366.602095776,16737545.481637659,0.71230625,0.5894618750000001,0.8717365625
hybrid,real_method,256,32,0.03808697601847757,0.015090902808491818,0.07339535265860729,0.04957583615429978,0.020069409817317616,0.08843531428259563,0.0,0.0,0.0,0.0,0.0,0.0,0.05555555555555555,0.0,0.16666666666666666,0.0625,0.0,0.14583333333333331,0.1774193548387097,0.06451612903225806,0.30685483870967706,0.0625,0.0,0.15625,0.2786458333333333,0.13541666666666666,0.4375,0.03125,0.0,0.09375,1475619128.4736457,30721069.95658687,4221569019.3768706,0.4643625,0.386166640625,0.5621514843750001
hybrid,real_method,4096,32,0.07792367109411441,0.046097258770913266,0.11731052474048093,0.14164399696519858,0.09441856525338221,0.1966281231572146,0.0,0.0,0.0,0.0,0.0,0.0,0.1111111111111111,0.0,0.2777777777777778,0.103125,0.036328125,0.2020833333333333,0.48333333333333334,0.31666666666666665,0.6666666666666666,0.32507440476190474,0.18279017857142857,0.47922061011904754,0.9875,0.9624999999999999,1.0,0.15625,0.03125,0.28125,10631434.031077055,1859464.1133763422,23609657.223373964,0.9211437499999999,0.807444453125,1.045076015625
hybrid,real_method,512,32,0.060318147624649175,0.03279913206311233,0.09624017733320173,0.10247700015549069,0.059592344588353684,0.15099561043589257,0.0,0.0,0.0,0.0,0.0,0.0,0.1111111111111111,0.0,0.2777777777777778,0.08854166666666666,0.020833333333333332,0.18749999999999997,0.3387096774193548,0.1935483870967742,0.5161290322580645,0.20238095238095238,0.07738095238095238,0.3483258928571427,0.5401041666666666,0.38274739583333334,0.6989583333333333,0.0625,0.0,0.15625,21419301.04169483,1590308.5832928908,54851659.76348979,0.47774062500000003,0.3937646875,0.5664210937499999
hybrid,real_method,64,32,0.03196594427244582,0.010416666666666666,0.0666672041623667,0.03959470253585798,0.013354162460178579,0.07674793806133247,0.0,0.0,0.0,0.0,0.0,0.0,0.0,0.0,0.0,0.05208333333333333,0.0,0.13541666666666666,0.0625,0.0,0.15625,0.03125,0.0,0.09375,0.0703125,0.0,0.1640625,0.03125,0.0,0.09375,129159799.14835767,22094905.022138126,277602055.741717,0.380521875,0.350250546875,0.411981796875
hybrid,real_method,None,32,0.0796288999776521,0.047646415770057224,0.12022249984934742,0.14073753094311722,0.09418784917551594,0.19680322414462922,0.0,0.0,0.0,0.0,0.0,0.0,0.1111111111111111,0.0,0.2777777777777778,0.103125,0.036328125,0.2020833333333333,0.4666666666666667,0.3,0.65,0.33549107142857143,0.1892596726190476,0.4924609374999999,0.9875,0.9624999999999999,1.0,0.15625,0.03125,0.28125,10256981.794493329,1910621.9441542097,22549324.21183505,0.92970625,0.828631875,1.0251998437499998
last_k_turns,real_method,1024,32,0.024087004150258905,0.0121829947351917,0.0401175540797877,0.032043610175499386,0.016092047046091167,0.049891062813522055,0.0,0.0,0.0,0.0,0.0,0.0,0.0,0.0,0.0,0.017045454545454544,0.0,0.06818181818181818,0.140625,0.03125,0.265625,0.0,0.0,0.0,0.0,0.0,0.0,0.0,0.0,0.0,170396109.1081869,15426163.208333386,452020195.65735745,0.6132875,0.53478484375,0.6949401562499999
last_k_turns,real_method,128,32,0.024087004150258905,0.0121829947351917,0.0401175540797877,0.032043610175499386,0.016092047046091167,0.049891062813522055,0.0,0.0,0.0,0.0,0.0,0.0,0.0,0.0,0.0,0.017045454545454544,0.0,0.06818181818181818,0.140625,0.03125,0.265625,0.0,0.0,0.0,0.0,0.0,0.0,0.0,0.0,0.0,170396109.1081869,15426163.208333386,452020195.65735745,0.6159187500000001,0.5357708593749999,0.6982146093749999
last_k_turns,real_method,2048,32,0.024087004150258905,0.0121829947351917,0.0401175540797877,0.032043610175499386,0.016092047046091167,0.049891062813522055,0.0,0.0,0.0,0.0,0.0,0.0,0.0,0.0,0.0,0.017045454545454544,0.0,0.06818181818181818,0.140625,0.03125,0.265625,0.0,0.0,0.0,0.0,0.0,0.0,0.0,0.0,0.0,170396109.1081869,15426163.208333386,452020195.65735745,0.613571875,0.5351438281249999,0.695147734375
last_k_turns,real_method,256,32,0.024087004150258905,0.0121829947351917,0.0401175540797877,0.032043610175499386,0.016092047046091167,0.049891062813522055,0.0,0.0,0.0,0.0,0.0,0.0,0.0,0.0,0.0,0.017045454545454544,0.0,0.06818181818181818,0.140625,0.03125,0.265625,0.0,0.0,0.0,0.0,0.0,0.0,0.0,0.0,0.0,170396109.1081869,15426163.208333386,452020195.65735745,0.61515625,0.535893671875,0.6973541406249999
last_k_turns,real_method,4096,32,0.024087004150258905,0.0121829947351917,0.0401175540797877,0.032043610175499386,0.016092047046091167,0.049891062813522055,0.0,0.0,0.0,0.0,0.0,0.0,0.0,0.0,0.0,0.017045454545454544,0.0,0.06818181818181818,0.140625,0.03125,0.265625,0.0,0.0,0.0,0.0,0.0,0.0,0.0,0.0,0.0,170396109.1081869,15426163.208333386,452020195.65735745,0.613134375,0.534499375,0.6940019531249999
last_k_turns,real_method,512,32,0.024087004150258905,0.0121829947351917,0.0401175540797877,0.032043610175499386,0.016092047046091167,0.049891062813522055,0.0,0.0,0.0,0.0,0.0,0.0,0.0,0.0,0.0,0.017045454545454544,0.0,0.06818181818181818,0.140625,0.03125,0.265625,0.0,0.0,0.0,0.0,0.0,0.0,0.0,0.0,0.0,170396109.1081869,15426163.208333386,452020195.65735745,0.61453125,0.535865546875,0.69694203125
last_k_turns,real_method,64,32,0.024087004150258905,0.0121829947351917,0.0401175540797877,0.032043610175499386,0.016092047046091167,0.049891062813522055,0.0,0.0,0.0,0.0,0.0,0.0,0.0,0.0,0.0,0.017045454545454544,0.0,0.06818181818181818,0.140625,0.03125,0.265625,0.0,0.0,0.0,0.0,0.0,0.0,0.0,0.0,0.0,170396109.1081869,15426163.208333386,452020195.65735745,0.61095,0.531943046875,0.693030859375
last_k_turns,real_method,None,32,0.024087004150258905,0.0121829947351917,0.0401175540797877,0.032043610175499386,0.016092047046091167,0.049891062813522055,0.0,0.0,0.0,0.0,0.0,0.0,0.0,0.0,0.0,0.017045454545454544,0.0,0.06818181818181818,0.140625,0.03125,0.265625,0.0,0.0,0.0,0.0,0.0,0.0,0.0,0.0,0.0,170396109.1081869,15426163.208333386,452020195.65735745,0.6133156249999999,0.5345546875,0.695234921875
no_compression,real_method,1024,32,0.10556014569810311,0.05929689629779025,0.16073113467236116,0.14736363662397123,0.09344224870742136,0.21111238916271904,0.0,0.0,0.0,0.0,0.0,0.0,0.045454545454545456,0.0,0.13636363636363635,0.11531723484848483,0.04296875,0.20391276041666667,0.6612903225806451,0.5,0.8064516129032258,0.9895833333333333,0.96875,1.0,1.0,1.0,1.0,0.28125,0.125,0.4375,2332098928.131959,33034948.88426999,6869123864.350911,10.587803125,9.260136484374998,11.772192500000001
no_compression,real_method,128,32,0.10556014569810311,0.05929689629779025,0.16073113467236116,0.14736363662397123,0.09344224870742136,0.21111238916271904,0.0,0.0,0.0,0.0,0.0,0.0,0.045454545454545456,0.0,0.13636363636363635,0.11531723484848483,0.04296875,0.20391276041666667,0.6612903225806451,0.5,0.8064516129032258,0.9895833333333333,0.96875,1.0,1.0,1.0,1.0,0.28125,0.125,0.4375,2332098928.131959,33034948.88426999,6869123864.350911,10.509453125,9.182832578125,11.693160234375
no_compression,real_method,2048,32,0.10556014569810311,0.05929689629779025,0.16073113467236116,0.14736363662397123,0.09344224870742136,0.21111238916271904,0.0,0.0,0.0,0.0,0.0,0.0,0.045454545454545456,0.0,0.13636363636363635,0.11531723484848483,0.04296875,0.20391276041666667,0.6612903225806451,0.5,0.8064516129032258,0.9895833333333333,0.96875,1.0,1.0,1.0,1.0,0.28125,0.125,0.4375,2332098928.131959,33034948.88426999,6869123864.350911,10.610284374999999,9.30603125,11.78235234375
no_compression,real_method,256,32,0.10556014569810311,0.05929689629779025,0.16073113467236116,0.14736363662397123,0.09344224870742136,0.21111238916271904,0.0,0.0,0.0,0.0,0.0,0.0,0.045454545454545456,0.0,0.13636363636363635,0.11531723484848483,0.04296875,0.20391276041666667,0.6612903225806451,0.5,0.8064516129032258,0.9895833333333333,0.96875,1.0,1.0,1.0,1.0,0.28125,0.125,0.4375,2332098928.131959,33034948.88426999,6869123864.350911,10.540949999999999,9.207039765625,11.728940390625
no_compression,real_method,4096,32,0.10556014569810311,0.05929689629779025,0.16073113467236116,0.14736363662397123,0.09344224870742136,0.21111238916271904,0.0,0.0,0.0,0.0,0.0,0.0,0.045454545454545456,0.0,0.13636363636363635,0.11531723484848483,0.04296875,0.20391276041666667,0.6612903225806451,0.5,0.8064516129032258,0.9895833333333333,0.96875,1.0,1.0,1.0,1.0,0.28125,0.125,0.4375,2332098928.131959,33034948.88426999,6869123864.350911,10.61943125,9.3007453125,11.79565875
no_compression,real_method,512,32,0.10556014569810311,0.05929689629779025,0.16073113467236116,0.14736363662397123,0.09344224870742136,0.21111238916271904,0.0,0.0,0.0,0.0,0.0,0.0,0.045454545454545456,0.0,0.13636363636363635,0.11531723484848483,0.04296875,0.20391276041666667,0.6612903225806451,0.5,0.8064516129032258,0.9895833333333333,0.96875,1.0,1.0,1.0,1.0,0.28125,0.125,0.4375,2332098928.131959,33034948.88426999,6869123864.350911,10.572978124999999,9.243420546875,11.765179921875
no_compression,real_method,64,32,0.10556014569810311,0.05929689629779025,0.16073113467236116,0.14736363662397123,0.09344224870742136,0.21111238916271904,0.0,0.0,0.0,0.0,0.0,0.0,0.045454545454545456,0.0,0.13636363636363635,0.11531723484848483,0.04296875,0.20391276041666667,0.6612903225806451,0.5,0.8064516129032258,0.9895833333333333,0.96875,1.0,1.0,1.0,1.0,0.28125,0.125,0.4375,2332098928.131959,33034948.88426999,6869123864.350911,10.985265625,10.002526875,11.967160390624999
no_compression,real_method,None,32,0.10556014569810311,0.05929689629779025,0.16073113467236116,0.14736363662397123,0.09344224870742136,0.21111238916271904,0.0,0.0,0.0,0.0,0.0,0.0,0.045454545454545456,0.0,0.13636363636363635,0.11531723484848483,0.04296875,0.20391276041666667,0.6612903225806451,0.5,0.8064516129032258,0.9895833333333333,0.96875,1.0,1.0,1.0,1.0,0.28125,0.125,0.4375,2332098928.131959,33034948.88426999,6869123864.350911,10.61915,9.30441640625,11.799205312500002
retrieval,real_method,1024,32,0.06975963602541096,0.03800001445120995,0.11299345053230117,0.10904236237988447,0.06465288668987189,0.1633721912376339,0.0,0.0,0.0,0.0,0.0,0.0,0.1111111111111111,0.0,0.2777777777777778,0.10373774509803921,0.026654411764705885,0.21207567401960783,0.3387096774193548,0.1935483870967742,0.5161290322580645,0.27529761904761907,0.13392857142857142,0.43154761904761907,0.6635416666666667,0.5103385416666667,0.8125,0.09375,0.0,0.21875,5219512.663451845,1320859.1783767396,10518843.155738965,0.596559375,0.47034695312499997,0.7652184374999998
retrieval,real_method,128,32,0.04747694911297852,0.020252100840336133,0.0846749824929972,0.07124473742846421,0.034458770013687294,0.115818351862276,0.0,0.0,0.0,0.0,0.0,0.0,0.05555555555555555,0.0,0.16666666666666666,0.07291666666666666,0.0,0.16666666666666666,0.16129032258064516,0.03225806451612903,0.2903225806451613,0.13541666666666669,0.03125,0.26041666666666663,0.3828125,0.22910156249999997,0.5417317708333332,0.0625,0.0,0.15625,3253936321.368281,18158239.552501287,9682153764.877571,0.386475,0.34745921875,0.4326821875
retrieval,real_method,2048,32,0.08064100966928046,0.04144735441198423,0.12274301016448899,0.14070571310661423,0.08657880905552014,0.20407274081382953,0.0,0.0,0.0,0.0,0.0,0.0,0.1111111111111111,0.0,0.2777777777777778,0.09479166666666666,0.025,0.1885677083333333,0.45161290322580644,0.2903225806451613,0.6451612903225806,0.31279761904761905,0.16517857142857142,0.47089285714285706,0.825,0.6999218749999999,0.9378124999999997,0.15625,0.03125,0.28125,8266299.396828833,598267.5741843736,24226187.164469093,0.76350625,0.6341194531250001,0.9196808593749999
retrieval,real_method,256,32,0.06617139160289315,0.028037698412698413,0.12107036293384978,0.10817444611417135,0.058064071982959854,0.1691532751881654,0.0,0.0,0.0,0.0,0.0,0.0,0.1111111111111111,0.0,0.2777777777777778,0.08854166666666666,0.015625,0.1875,0.2903225806451613,0.16129032258064516,0.45161290322580644,0.17113095238095238,0.06090029761904762,0.3171130952380951,0.47239583333333335,0.30934895833333337,0.6416666666666666,0.0625,0.0,0.15625,83283971.77308422,6129882.128218884,192313446.9663684,0.439303125,0.357451640625,0.5278886718749999
retrieval,real_method,4096,32,0.07663477885044535,0.0441932145582451,0.11674678582637846,0.14003456293569191,0.09429945080071765,0.19607952794631345,0.0,0.0,0.0,0.0,0.0,0.0,0.125,0.0,0.3125,0.103125,0.036328125,0.2020833333333333,0.48333333333333334,0.31666666666666665,0.6666666666666666,0.32507440476190474,0.18279017857142857,0.47922061011904754,0.9875,0.9624999999999999,1.0,0.15625,0.03125,0.28125,13960737.105281154,1405001.0542607328,35548044.32383603,0.898690625,0.789636328125,1.015121484375
retrieval,real_method,512,32,0.06311572924624395,0.03457556128512011,0.10029595621392497,0.09844173365119571,0.056541141788154656,0.14621670580612625,0.0,0.0,0.0,0.0,0.0,0.0,0.1111111111111111,0.0,0.2777777777777778,0.08854166666666666,0.020833333333333332,0.18749999999999997,0.34375,0.1875,0.515625,0.23363095238095238,0.10267857142857142,0.3794642857142857,0.6260416666666666,0.4791145833333333,0.7761718749999998,0.0625,0.0,0.15625,29934499.974213194,534758.1380099333,82729038.19132063,0.41915,0.371696015625,0.47450273437500007
retrieval,real_method,64,32,0.03128456510809452,0.008956997863247863,0.06514690170940171,0.036503379607578525,0.013045723518827233,0.07003541838251834,0.0,0.0,0.0,0.0,0.0,0.0,0.044444444444444446,0.0,0.13333333333333336,0.046875,0.0,0.125,0.125,0.03125,0.25,0.0625,0.0,0.15625,0.2578125,0.12239583333333333,0.40104166666666663,0.03125,0.0,0.09375,335098769.1798285,28277007.626382276,743372355.630395,0.382775,0.34272898437500005,0.43070882812499994
retrieval,real_method,None,32,0.07862474150217272,0.04641091729335919,0.11919700585971191,0.14198128280520592,0.09573330006479126,0.1986055132112756,0.0,0.0,0.0,0.0,0.0,0.0,0.1111111111111111,0.0,0.2777777777777778,0.103125,0.036328125,0.2020833333333333,0.48333333333333334,0.31666666666666665,0.6666666666666666,0.33549107142857143,0.1892596726190476,0.4924609374999999,0.9875,0.9624999999999999,1.0,0.15625,0.03125,0.28125,12374489.878070291,2052902.3727223512,27966603.045023356,0.903390625,0.810183828125,0.9938296874999999
retrieval_window,real_method,1024,32,0.10403858473427917,0.057294323928750224,0.15928545980310976,0.17321689075172048,0.11548021817507112,0.23536289565053106,0.0,0.0,0.0,0.0,0.0,0.0,0.1111111111111111,0.0,0.2777777777777778,0.134375,0.05208333333333333,0.23231770833333332,0.578125,0.40625,0.75,0.4753720238095238,0.3145758928571428,0.6166666666666666,0.79375,0.6604166666666667,0.90625,0.21875,0.09375,0.375,399837116.83439666,1694347.8297143742,1174757793.1405044,0.52708125,0.450049921875,0.62380359375
retrieval_window,real_method,128,32,0.018526071342091367,0.006426712367732393,0.035151701363665536,0.033080772373051785,0.01125919117647059,0.06717575571895423,0.0,0.0,0.0,0.0,0.0,0.0,0.0,0.0,0.0,0.06380208333333333,0.0,0.1524414062499999,0.140625,0.03125,0.265625,0.0765625,0.00625,0.1703125,0.6104166666666666,0.459375,0.765625,0.03125,0.0,0.09375,508539655.49245137,18984894.425532114,1287017261.6431494,0.41570312499999995,0.342661640625,0.5099622656249999
retrieval_window,real_method,2048,32,0.09646077364427748,0.04992056641497179,0.1515902164609805,0.15961136222307604,0.10133300731136133,0.22159186477742895,0.0,0.0,0.0,0.0,0.0,0.0,0.1111111111111111,0.0,0.2777777777777778,0.12861842105263158,0.04632675438596491,0.22501096491228068,0.532258064516129,0.3548387096774194,0.7096774193548387,0.48578869047619044,0.3274423363095238,0.6286551339285714,0.8354166666666667,0.7104166666666667,0.9375,0.21875,0.09375,0.375,228954470.8393524,1537956.0015799415,662370709.685113,0.6436031249999999,0.529313046875,0.8427630468749998
retrieval_window,real_method,256,32,0.05445394882894882,0.021489335317460313,0.10809519473581973,0.10486285984773888,0.043877793409547436,0.1887436853301268,0.03125,0.0,0.09453124999999929,0.0,0.0,0.0,0.0,0.0,0.0,0.07291666666666666,0.0,0.16666666666666666,0.21875,0.078125,0.375,0.1818452380952381,0.071875,0.3145833333333333,0.6416666666666666,0.4968489583333333,0.7823177083333333,0.0625,0.0,0.15625,99383985.201228,11874608.138511723,222132585.25610536,0.458690625,0.351676640625,0.6032325
retrieval_window,real_method,4096,32,0.0879390559575651,0.04219932030514561,0.1444920758121189,0.15258016784766817,0.09480546023945756,0.21617865087992147,0.0,0.0,0.0,0.0,0.0,0.0,0.05555555555555555,0.0,0.16666666666666666,0.1113095238095238,0.038344494047619054,0.1998511904761905,0.5625,0.405859375,0.71875,0.5040178571428572,0.3477418154761905,0.6454520089285712,0.8692708333333333,0.7614583333333333,0.9578255208333333,0.21875,0.09375,0.375,407039344.16528547,22706825.024079017,1106538481.152102,0.912275,0.781855390625,1.0656760156249998
retrieval_window,real_method,512,32,0.10057083439436382,0.05209536684720508,0.1554982507280301,0.1632026855278343,0.10492134031630074,0.229470599165787,0.0,0.0,0.0,0.0,0.0,0.0,0.05555555555555555,0.0,0.16666666666666666,0.11666666666666667,0.04059895833333334,0.20731770833333332,0.53125,0.359375,0.703125,0.36674107142857143,0.22082589285714285,0.5219754464285714,0.7302083333333333,0.5958072916666667,0.8552083333333333,0.1875,0.0625,0.34375,186701267.66883266,3017694.706151161,535929015.80495936,0.43494374999999996,0.368248984375,0.5220359375
retrieval_window,real_method,64,32,0.02813227506721752,0.01108756363122172,0.048905599342579834,0.03823936932632585,0.016203847481021393,0.06634551846100759,0.0,0.0,0.0,0.0,0.0,0.0,0.05,0.0,0.15000000000000002,0.065625,0.0,0.159375,0.09375,0.0,0.1875,0.03125,0.0,0.09375,0.6104166666666666,0.459375,0.765625,0.0,0.0,0.0,93167512.71423095,17586581.781729944,201345753.13305125,0.41913125,0.378145859375,0.46096367187500004
retrieval_window,real_method,None,32,0.11362313673746313,0.06530856170873367,0.16578165569715617,0.18211806707254916,0.1240755972545258,0.2411299716921015,0.0,0.0,0.0,0.0,0.0,0.0,0.1111111111111111,0.0,0.2777777777777778,0.12690217391304348,0.04583333333333334,0.22238677536231882,0.7258064516129032,0.5645161290322581,0.8548387096774194,0.5852678571428571,0.4360026041666667,0.7296000744047618,0.9875,0.9624999999999999,1.0,0.25,0.09375,0.40625,5259933959.681616,21455404.450627636,15673910697.245316,1.905690625,1.69001921875,2.181616171875
sliding_window,real_method,1024,32,0.028381769374416433,0.012104451155462187,0.048242260445844995,0.04090128832540768,0.016502915882922933,0.0743094892026578,0.0,0.0,0.0,0.0,0.0,0.0,0.0,0.0,0.0,0.017045454545454544,0.0,0.06818181818181818,0.171875,0.0625,0.3125,0.0,0.0,0.0,0.0,0.0,0.0,0.0,0.0,0.0,86041375.79083535,18867436.916178573,169786396.07771683,0.521821875,0.456835,0.5951887499999999
sliding_window,real_method,128,32,0.018772285484242007,0.006942934782608695,0.03390837071543593,0.02753964659535312,0.009748641304347827,0.05141511477024385,0.0,0.0,0.0,0.0,0.0,0.0,0.0,0.0,0.0,0.020833333333333332,0.0,0.08333333333333333,0.03125,0.0,0.09375,0.0,0.0,0.0,0.0,0.0,0.0,0.0,0.0,0.0,452447598.40597737,42674503.4147471,1069638848.0685843,0.396359375,0.36554945312500003,0.43219773437500003
sliding_window,real_method,2048,32,0.01857000240959535,0.00834134458192862,0.032047342572130225,0.022833056318909903,0.011339308935017056,0.037313429534996834,0.0,0.0,0.0,0.0,0.0,0.0,0.0,0.0,0.0,0.009375,0.0,0.0375,0.125,0.03125,0.234375,0.0,0.0,0.0,0.0,0.0,0.0,0.0,0.0,0.0,22409864.428376965,5852431.680617035,43684303.5233598,0.7009875000000001,0.5800425781249999,0.853089453125
sliding_window,real_method,256,32,0.018698130446851674,0.007142385009232836,0.03438446015891668,0.024681216898688126,0.010269972572362278,0.04163372216396313,0.0,0.0,0.0,0.0,0.0,0.0,0.0,0.0,0.0,0.017045454545454544,0.0,0.06818181818181818,0.125,0.03125,0.25,0.0,0.0,0.0,0.0,0.0,0.0,0.0,0.0,0.0,2046435842.2429016,82433811.17851503,5818901711.381243,0.7432749999999999,0.5300684375,1.02593859375
sliding_window,real_method,4096,32,0.01939704745043199,0.00756380638719383,0.034187178651574404,0.029710391220266096,0.01569878670825193,0.045587926833618043,0.0,0.0,0.0,0.0,0.0,0.0,0.0,0.0,0.0,0.017279411764705883,0.0,0.04558823529411765,0.15625,0.03125,0.28125,0.0,0.0,0.0,0.0,0.0,0.0,0.0,0.0,0.0,92371146.70345569,7246243.670588213,223847838.56216624,0.926890625,0.798559921875,1.08853734375
sliding_window,real_method,512,32,0.021679268554268553,0.007291666666666667,0.03994191736379236,0.02736473595848596,0.010905162545787545,0.04607753357753358,0.0,0.0,0.0,0.0,0.0,0.0,0.0,0.0,0.0,0.048295454545454544,0.0,0.1278409090909091,0.109375,0.030859375000000022,0.21875,0.0,0.0,0.0,0.0,0.0,0.0,0.0,0.0,0.0,2521459450.9363127,43021102.05530376,7412005019.477405,0.610665625,0.49110289062499995,0.752776328125
sliding_window,real_method,64,32,0.01887727792266332,0.0071428571428571435,0.03478141148700859,0.024679544004534665,0.010324809611344538,0.04216331269349846,0.0,0.0,0.0,0.0,0.0,0.0,0.0,0.0,0.0,0.017045454545454544,0.0,0.06818181818181818,0.09375,0.0,0.1875,0.0,0.0,0.0,0.0,0.0,0.0,0.0,0.0,0.0,520630246.6647659,29128291.990868524,1235795047.0242882,0.44394062500000003,0.38737218749999996,0.50691296875
sliding_window,real_method,None,32,0.10556014569810311,0.05929689629779025,0.16073113467236116,0.14736363662397123,0.09344224870742136,0.21111238916271904,0.0,0.0,0.0,0.0,0.0,0.0,0.045454545454545456,0.0,0.13636363636363635,0.11531723484848483,0.04296875,0.20391276041666667,0.6612903225806451,0.5,0.8064516129032258,0.9895833333333333,0.96875,1.0,1.0,1.0,1.0,0.28125,0.125,0.4375,2332098928.131959,33034948.88426999,6869123864.350911,10.542412500000001,9.244086484375,11.686509140625
upper_bound_oracle,upper_bound_oracle,1024,32,0.17375142249998793,0.10914297238466447,0.25667801267592466,0.28520368212885105,0.21090756797978386,0.37202093414238163,0.03125,0.0,0.09375,0.0,0.0,0.0,0.04,0.0,0.12000000000000002,0.14166666666666666,0.05208333333333333,0.25109374999999995,0.765625,0.609375,0.90625,0.9895833333333333,0.96875,1.0,1.0,1.0,1.0,0.28125,0.125,0.4375,903604.8728145264,9728.204009701072,2677702.418463286,0.42099062499999995,0.340737265625,0.5200284374999999
upper_bound_oracle,upper_bound_oracle,128,32,0.17375142249998793,0.10914297238466447,0.25667801267592466,0.28520368212885105,0.21090756797978386,0.37202093414238163,0.03125,0.0,0.09375,0.0,0.0,0.0,0.04,0.0,0.12000000000000002,0.14166666666666666,0.05208333333333333,0.25109374999999995,0.765625,0.609375,0.90625,0.9895833333333333,0.96875,1.0,1.0,1.0,1.0,0.28125,0.125,0.4375,903604.8728145264,9728.204009701072,2677702.418463286,0.4209625,0.3404815625,0.520345234375
upper_bound_oracle,upper_bound_oracle,2048,32,0.17375142249998793,0.10914297238466447,0.25667801267592466,0.28520368212885105,0.21090756797978386,0.37202093414238163,0.03125,0.0,0.09375,0.0,0.0,0.0,0.04,0.0,0.12000000000000002,0.14166666666666666,0.05208333333333333,0.25109374999999995,0.765625,0.609375,0.90625,0.9895833333333333,0.96875,1.0,1.0,1.0,1.0,0.28125,0.125,0.4375,903604.8728145264,9728.204009701072,2677702.418463286,0.42106875,0.34106265625000004,0.520220234375
upper_bound_oracle,upper_bound_oracle,256,32,0.17375142249998793,0.10914297238466447,0.25667801267592466,0.28520368212885105,0.21090756797978386,0.37202093414238163,0.03125,0.0,0.09375,0.0,0.0,0.0,0.04,0.0,0.12000000000000002,0.14166666666666666,0.05208333333333333,0.25109374999999995,0.765625,0.609375,0.90625,0.9895833333333333,0.96875,1.0,1.0,1.0,1.0,0.28125,0.125,0.4375,903604.8728145264,9728.204009701072,2677702.418463286,0.42140937500000003,0.341057109375,0.520055546875
upper_bound_oracle,upper_bound_oracle,4096,32,0.17375142249998793,0.10914297238466447,0.25667801267592466,0.28520368212885105,0.21090756797978386,0.37202093414238163,0.03125,0.0,0.09375,0.0,0.0,0.0,0.04,0.0,0.12000000000000002,0.14166666666666666,0.05208333333333333,0.25109374999999995,0.765625,0.609375,0.90625,0.9895833333333333,0.96875,1.0,1.0,1.0,1.0,0.28125,0.125,0.4375,903604.8728145264,9728.204009701072,2677702.418463286,0.421346875,0.340387421875,0.52048046875
upper_bound_oracle,upper_bound_oracle,512,32,0.17375142249998793,0.10914297238466447,0.25667801267592466,0.28520368212885105,0.21090756797978386,0.37202093414238163,0.03125,0.0,0.09375,0.0,0.0,0.0,0.04,0.0,0.12000000000000002,0.14166666666666666,0.05208333333333333,0.25109374999999995,0.765625,0.609375,0.90625,0.9895833333333333,0.96875,1.0,1.0,1.0,1.0,0.28125,0.125,0.4375,903604.8728145264,9728.204009701072,2677702.418463286,0.42206875,0.34116578124999997,0.5208114843749999
upper_bound_oracle,upper_bound_oracle,64,32,0.17375142249998793,0.10914297238466447,0.25667801267592466,0.28520368212885105,0.21090756797978386,0.37202093414238163,0.03125,0.0,0.09375,0.0,0.0,0.0,0.04,0.0,0.12000000000000002,0.14166666666666666,0.05208333333333333,0.25109374999999995,0.765625,0.609375,0.90625,0.9895833333333333,0.96875,1.0,1.0,1.0,1.0,0.28125,0.125,0.4375,903604.8728145264,9728.204009701072,2677702.418463286,0.51910625,0.400908515625,0.6551499218749999
upper_bound_oracle,upper_bound_oracle,None,32,0.17375142249998793,0.10914297238466447,0.25667801267592466,0.28520368212885105,0.21090756797978386,0.37202093414238163,0.03125,0.0,0.09375,0.0,0.0,0.0,0.04,0.0,0.12000000000000002,0.14166666666666666,0.05208333333333333,0.25109374999999995,0.765625,0.609375,0.90625,0.9895833333333333,0.96875,1.0,1.0,1.0,1.0,0.28125,0.125,0.4375,903604.8728145264,9728.204009701072,2677702.418463286,0.422184375,0.3422721875,0.52125296875
