category,method_display,method_family,budget_label,token_f1,rouge_l,exact_match,date_f1,number_f1,entity_f1,llm_judge_score,evidence_recall,evidence_session_recall,answerable_context_rate
1,bm25,real_method,1024,0.04945584587119752,0.08259638804202588,0.0,,,0.0,0.375,0.1177248677248677,0.45185185185185184,0.0
1,bm25,real_method,128,0.03065134099616858,0.08763497039359108,0.0,,,0.1111111111111111,0.2222222222222222,0.015873015873015872,0.12407407407407407,0.0
1,bm25,real_method,2048,0.06052213431523776,0.13313531963417546,0.0,,,0.10582010582010581,0.5625,0.13994708994708993,0.6222222222222222,0.2222222222222222
1,bm25,real_method,256,0.028985507246376812,0.07140974967061924,0.0,,,0.1111111111111111,0.2222222222222222,0.015873015873015872,0.18333333333333332,0.0
1,bm25,real_method,4096,0.038833987445530196,0.13548749763538495,0.0,,,0.10582010582010581,0.6111111111111112,0.16772486772486772,0.9407407407407408,0.2222222222222222
1,bm25,real_method,512,0.043915343915343914,0.1061188596072317,0.0,,,0.0,0.3888888888888889,0.08068783068783068,0.34074074074074073,0.0
1,bm25,real_method,64,0.012345679012345678,0.03805689747718734,0.0,,,0.0,0.1111111111111111,0.015873015873015872,0.05925925925925926,0.0
1,bm25,real_method,None,0.06492401275821241,0.14495419437948176,0.0,,,0.10582010582010581,0.5555555555555556,0.1955026455026455,0.9629629629629629,0.2222222222222222
1,bm25_window,real_method,1024,0.09405744014439667,0.22103307320698626,0.0,,,0.07407407407407407,0.5555555555555556,0.28650793650793654,0.5629629629629629,0.2222222222222222
1,bm25_window,real_method,128,0.03529411764705883,0.1019607843137255,0.0,,,0.18518518518518517,0.1875,0.08174603174603175,0.28148148148148144,0.1111111111111111
1,bm25_window,real_method,2048,0.07141500474833808,0.17642636137259793,0.0,,,0.07407407407407407,0.5,0.28650793650793654,0.5851851851851851,0.2222222222222222
1,bm25_window,real_method,256,0.035273368606701945,0.13423120089786755,0.0,,,0.07407407407407407,0.3333333333333333,0.14656084656084656,0.3592592592592593,0.1111111111111111
1,bm25_window,real_method,4096,0.07618101749199309,0.12409039866915814,0.0,,,0.11851851851851852,0.5,0.3235449735449735,0.6814814814814815,0.2222222222222222
1,bm25_window,real_method,512,0.06416571933813314,0.15860461377702756,0.0,,,0.07407407407407407,0.4444444444444444,0.20582010582010582,0.337037037037037,0.1111111111111111
1,bm25_window,real_method,64,0.03321256038647343,0.04125224969214739,0.0,,,0.1111111111111111,0.0,0.015873015873015872,0.28148148148148144,0.0
1,bm25_window,real_method,None,0.060712600853509456,0.12420998746138384,0.0,,,0.05555555555555555,0.5555555555555556,0.49867724867724866,1.0,0.2222222222222222
1,dense_retrieval,real_method,1024,0.04133118625872249,0.1032260810350698,0.0,,0.0,0.0962962962962963,0.4444444444444444,0.214021164021164,0.4574074074074074,0.1111111111111111
1,dense_retrieval,real_method,128,0.027777777777777773,0.027777777777777773,0.0,,,0.1111111111111111,0.16666666666666666,0.0,0.07407407407407407,0.0
1,dense_retrieval,real_method,2048,0.07423339331234068,0.13423481280624136,0.0,,,0.10582010582010581,0.5,0.3880952380952381,0.8,0.1111111111111111
1,dense_retrieval,real_method,256,0.04133118625872249,0.11708876201629824,0.0,,,0.18518518518518517,0.3888888888888889,0.07407407407407407,0.17592592592592593,0.0
1,dense_retrieval,real_method,4096,0.07037276005965766,0.15774173780709727,0.0,,,0.09259259259259259,0.5555555555555556,0.5650793650793651,0.9055555555555556,0.1111111111111111
1,dense_retrieval,real_method,512,0.048295831152974006,0.07189616967394745,0.0,,,0.037037037037037035,0.4444444444444444,0.17592592592592593,0.2685185185185185,0.0
1,dense_retrieval,real_method,64,0.012345679012345678,0.02345679012345679,0.0,,,0.1111111111111111,0.0,0.0,0.0,0.0
1,dense_retrieval,real_method,None,0.08089907584913134,0.11159912428097123,0.0,,,0.09259259259259259,0.5,0.5650793650793651,0.9055555555555556,0.1111111111111111
1,dense_retrieval_window,real_method,1024,0.07451754722286125,0.2386227033334374,0.0,,,0.07407407407407407,0.7222222222222222,0.4809523809523809,0.5407407407407407,0.2222222222222222
1,dense_retrieval_window,real_method,128,0.013071895424836603,0.10465438700732818,0.0,,,0.18518518518518517,0.2222222222222222,0.13333333333333333,0.28148148148148144,0.1111111111111111
1,dense_retrieval_window,real_method,2048,0.064573268921095,0.22765019199801811,0.0,,,0.07407407407407407,0.6666666666666666,0.5365079365079365,0.6000000000000001,0.2222222222222222
1,dense_retrieval_window,real_method,256,0.05278963173700016,0.13937621832358674,0.0,,,0.07407407407407407,0.3333333333333333,0.18888888888888888,0.28148148148148144,0.1111111111111111
1,dense_retrieval_window,real_method,4096,0.053254347991190096,0.19814077797948765,0.0,,,0.07407407407407407,0.6111111111111112,0.6105820105820106,0.6592592592592593,0.2222222222222222
1,dense_retrieval_window,real_method,512,0.10322101550171726,0.23644633469194876,0.0,,,0.07407407407407407,0.6666666666666666,0.3328042328042328,0.337037037037037,0.1111111111111111
1,dense_retrieval_window,real_method,64,0.01932367149758454,0.06521739130434782,0.0,,,0.1111111111111111,0.1111111111111111,0.08333333333333333,0.28148148148148144,0.0
1,dense_retrieval_window,real_method,None,0.06557584238925958,0.08785015282611916,0.0,0.0,0.0,0.06153846153846154,0.7222222222222222,0.8253968253968255,0.9277777777777777,0.2222222222222222
1,hybrid,real_method,1024,0.05846179240409355,0.08371889037456758,0.0,,,0.1111111111111111,0.16666666666666666,0.08994708994708994,0.6000000000000001,0.0
1,hybrid,real_method,128,0.01932367149758454,0.03043478260869565,0.0,,,0.0,0.05555555555555555,0.0,0.0,0.0
1,hybrid,real_method,2048,0.08369065574947929,0.1763532228005912,0.0,,,0.07407407407407407,0.5,0.11216931216931217,0.7111111111111111,0.1111111111111111
1,hybrid,real_method,256,0.011695906432748539,0.011695906432748539,0.0,,,0.07407407407407407,0.16666666666666666,0.0,0.10185185185185185,0.0
1,hybrid,real_method,4096,0.0636945866744351,0.1275687722547626,0.0,,,0.07407407407407407,0.5625,0.1558201058201058,0.9555555555555555,0.2222222222222222
1,hybrid,real_method,512,0.026510721247563356,0.051728586171310625,0.0,,,0.1111111111111111,0.16666666666666666,0.05291005291005291,0.3648148148148148,0.0
1,hybrid,real_method,64,0.012345679012345678,0.02200751476113795,0.0,,,0.1111111111111111,0.0,0.0,0.027777777777777776,0.0
1,hybrid,real_method,None,0.06806450101166969,0.13222315512551974,0.0,,,0.07407407407407407,0.5625,0.19285714285714287,0.9555555555555555,0.2222222222222222
1,last_k_turns,real_method,1024,0.022090053164632157,0.04037617554858935,0.0,,,0.0,0.1111111111111111,0.0,0.0,0.0
1,last_k_turns,real_method,128,0.022090053164632157,0.04037617554858935,0.0,,,0.0,0.1111111111111111,0.0,0.0,0.0
1,last_k_turns,real_method,2048,0.022090053164632157,0.04037617554858935,0.0,,,0.0,0.1111111111111111,0.0,0.0,0.0
1,last_k_turns,real_method,256,0.022090053164632157,0.04037617554858935,0.0,,,0.0,0.1111111111111111,0.0,0.0,0.0
1,last_k_turns,real_method,4096,0.022090053164632157,0.04037617554858935,0.0,,,0.0,0.1111111111111111,0.0,0.0,0.0
1,last_k_turns,real_method,512,0.022090053164632157,0.04037617554858935,0.0,,,0.0,0.1111111111111111,0.0,0.0,0.0
1,last_k_turns,real_method,64,0.022090053164632157,0.04037617554858935,0.0,,,0.0,0.1111111111111111,0.0,0.0,0.0
1,last_k_turns,real_method,None,0.022090053164632157,0.04037617554858935,0.0,,,0.0,0.1111111111111111,0.0,0.0,0.0
1,no_compression,real_method,1024,0.08029259373160923,0.12486951825355647,0.0,,0.0,0.07575757575757575,0.7777777777777778,1.0,1.0,0.2222222222222222
1,no_compression,real_method,128,0.08029259373160923,0.12486951825355647,0.0,,0.0,0.07575757575757575,0.7777777777777778,1.0,1.0,0.2222222222222222
1,no_compression,real_method,2048,0.08029259373160923,0.12486951825355647,0.0,,0.0,0.07575757575757575,0.7777777777777778,1.0,1.0,0.2222222222222222
1,no_compression,real_method,256,0.08029259373160923,0.12486951825355647,0.0,,0.0,0.07575757575757575,0.7777777777777778,1.0,1.0,0.2222222222222222
1,no_compression,real_method,4096,0.08029259373160923,0.12486951825355647,0.0,,0.0,0.07575757575757575,0.7777777777777778,1.0,1.0,0.2222222222222222
1,no_compression,real_method,512,0.08029259373160923,0.12486951825355647,0.0,,0.0,0.07575757575757575,0.7777777777777778,1.0,1.0,0.2222222222222222
1,no_compression,real_method,64,0.08029259373160923,0.12486951825355647,0.0,,0.0,0.07575757575757575,0.7777777777777778,1.0,1.0,0.2222222222222222
1,no_compression,real_method,None,0.08029259373160923,0.12486951825355647,0.0,,0.0,0.07575757575757575,0.7777777777777778,1.0,1.0,0.2222222222222222
1,retrieval,real_method,1024,0.048252702709662795,0.07902433727051147,0.0,,,0.1111111111111111,0.16666666666666666,0.08994708994708994,0.6370370370370371,0.0
1,retrieval,real_method,128,0.02222222222222222,0.036111111111111115,0.0,,,0.1111111111111111,0.0,0.037037037037037035,0.1388888888888889,0.0
1,retrieval,real_method,2048,0.08131893649135029,0.1510129977917093,0.0,,,0.07407407407407407,0.4444444444444444,0.11216931216931217,0.7111111111111111,0.2222222222222222
1,retrieval,real_method,256,0.04938271604938271,0.08200129954515918,0.0,,,0.07407407407407407,0.2222222222222222,0.05291005291005291,0.2351851851851852,0.0
1,retrieval,real_method,4096,0.0562247501368311,0.12444462761015013,0.0,,,0.07407407407407407,0.5625,0.1558201058201058,0.9555555555555555,0.2222222222222222
1,retrieval,real_method,512,0.032275132275132276,0.050505050505050504,0.0,,,0.1111111111111111,0.16666666666666666,0.05291005291005291,0.5037037037037037,0.0
1,retrieval,real_method,64,0.013071895424836603,0.024183006535947713,0.0,,,0.1111111111111111,0.0,0.0,0.1388888888888889,0.0
1,retrieval,real_method,None,0.06504309228850658,0.1356250387905613,0.0,,,0.07407407407407407,0.5625,0.19285714285714287,0.9555555555555555,0.2222222222222222
1,retrieval_window,real_method,1024,0.08235172235172235,0.1957283046171935,0.0,,,0.07407407407407407,0.7222222222222222,0.2642857142857143,0.6000000000000001,0.1111111111111111
1,retrieval_window,real_method,128,0.013071895424836603,0.05751633986928105,0.0,,,0.18518518518518517,0.16666666666666666,0.05,0.28148148148148144,0.1111111111111111
1,retrieval_window,real_method,2048,0.05756613756613757,0.14241705725576692,0.0,,,0.07407407407407407,0.5,0.3013227513227513,0.6370370370370371,0.1111111111111111
1,retrieval_window,real_method,256,0.044770044770044766,0.12726697171141615,0.0,,,0.07407407407407407,0.3888888888888889,0.14656084656084656,0.28148148148148144,0.1111111111111111
1,retrieval_window,real_method,4096,0.046704803973228584,0.14728954376089742,0.0,,,0.07407407407407407,0.6111111111111112,0.3661375661375661,0.7018518518518518,0.1111111111111111
1,retrieval_window,real_method,512,0.06084656084656085,0.17957523957523958,0.0,,,0.07407407407407407,0.5555555555555556,0.24841269841269842,0.37407407407407406,0.1111111111111111
1,retrieval_window,real_method,64,0.01932367149758454,0.02818035426731079,0.0,,,0.1111111111111111,0.0,0.0,0.28148148148148144,0.0
1,retrieval_window,real_method,None,0.0729028173472618,0.16006764589692882,0.0,,,0.07407407407407407,0.7222222222222222,0.4883597883597884,0.9555555555555555,0.2222222222222222
1,sliding_window,real_method,1024,0.014550264550264551,0.02516795865633075,0.0,,,0.0,0.1111111111111111,0.0,0.0,0.0
1,sliding_window,real_method,128,0.00966183574879227,0.02077294685990338,0.0,,,0.0,0.0,0.0,0.0,0.0
1,sliding_window,real_method,2048,0.010206228956228957,0.02106586224233283,0.0,,,0.0,0.05555555555555555,0.0,0.0,0.0
1,sliding_window,real_method,256,0.00966183574879227,0.02077294685990338,0.0,,,0.0,0.1111111111111111,0.0,0.0,0.0
1,sliding_window,real_method,4096,0.016945049624788187,0.03658787885321088,0.0,,,0.022222222222222223,0.2222222222222222,0.0,0.0,0.0
1,sliding_window,real_method,512,0.02222222222222222,0.032275132275132276,0.0,,,0.1111111111111111,0.05555555555555555,0.0,0.0,0.0
1,sliding_window,real_method,64,0.007662835249042145,0.018773946360153258,0.0,,,0.0,0.0,0.0,0.0,0.0
1,sliding_window,real_method,None,0.08029259373160923,0.12486951825355647,0.0,,0.0,0.07575757575757575,0.7777777777777778,1.0,1.0,0.2222222222222222
1,upper_bound_oracle,upper_bound_oracle,1024,0.21282837213871694,0.4371473101221786,0.0,,,0.12962962962962962,0.9444444444444444,1.0,1.0,0.2222222222222222
1,upper_bound_oracle,upper_bound_oracle,128,0.21282837213871694,0.4371473101221786,0.0,,,0.12962962962962962,0.9444444444444444,1.0,1.0,0.2222222222222222
1,upper_bound_oracle,upper_bound_oracle,2048,0.21282837213871694,0.4371473101221786,0.0,,,0.12962962962962962,0.9444444444444444,1.0,1.0,0.2222222222222222
1,upper_bound_oracle,upper_bound_oracle,256,0.21282837213871694,0.4371473101221786,0.0,,,0.12962962962962962,0.9444444444444444,1.0,1.0,0.2222222222222222
1,upper_bound_oracle,upper_bound_oracle,4096,0.21282837213871694,0.4371473101221786,0.0,,,0.12962962962962962,0.9444444444444444,1.0,1.0,0.2222222222222222
1,upper_bound_oracle,upper_bound_oracle,512,0.21282837213871694,0.4371473101221786,0.0,,,0.12962962962962962,0.9444444444444444,1.0,1.0,0.2222222222222222
1,upper_bound_oracle,upper_bound_oracle,64,0.21282837213871694,0.4371473101221786,0.0,,,0.12962962962962962,0.9444444444444444,1.0,1.0,0.2222222222222222
1,upper_bound_oracle,upper_bound_oracle,None,0.21282837213871694,0.4371473101221786,0.0,,,0.12962962962962962,0.9444444444444444,1.0,1.0,0.2222222222222222
2,bm25,real_method,1024,0.042483660130718956,0.09290382819794585,0.0,0.0,0.125,0.14583333333333331,0.5,0.5,0.75,0.0
2,bm25,real_method,128,0.028726708074534167,0.04658385093167702,0.0,0.0,0.0625,0.08333333333333333,0.14285714285714285,0.25,0.375,0.0
2,bm25,real_method,2048,0.04497317795042546,0.0998482726423903,0.0,0.0,0.125,0.14583333333333331,0.5,0.625,0.75,0.0
2,bm25,real_method,256,0.04702380952380953,0.09429271708683473,0.0,0.0,0.125,0.14583333333333331,0.42857142857142855,0.375,0.375,0.0
2,bm25,real_method,4096,0.032563025210084036,0.11554621848739496,0.0,0.0,0.125,0.14583333333333331,0.2857142857142857,0.75,0.875,0.0
2,bm25,real_method,512,0.04332010582010583,0.0968915343915344,0.0,0.0,0.125,0.14583333333333331,0.2857142857142857,0.5,0.5,0.0
2,bm25,real_method,64,0.029411764705882353,0.042483660130718956,0.0,0.0,0.05,0.0625,0.125,0.125,0.25,0.0
2,bm25,real_method,None,0.032563025210084036,0.11554621848739496,0.0,0.0,0.125,0.14583333333333331,0.2857142857142857,0.75,0.875,0.0
2,bm25_window,real_method,1024,0.05650252525252525,0.10610569985569986,0.0,0.0,0.125,0.14583333333333331,0.2857142857142857,0.625,0.625,0.125
2,bm25_window,real_method,128,0.0125,0.0125,0.0,0.0,0.0,0.0,0.125,0.25,0.625,0.0
2,bm25_window,real_method,2048,0.025252525252525252,0.07485569985569986,0.0,0.0,0.125,0.14583333333333331,0.14285714285714285,0.75,0.75,0.125
2,bm25_window,real_method,256,0.029411764705882353,0.04411764705882353,0.0,0.0,0.0,0.0,0.25,0.375,0.625,0.0
2,bm25_window,real_method,4096,0.049428104575163404,0.12844304388422037,0.0,0.0,0.125,0.14583333333333331,0.5,0.875,0.875,0.125
2,bm25_window,real_method,512,0.018518518518518517,0.027777777777777776,0.0,0.0,0.0,0.0,0.0,0.5,0.625,0.0
2,bm25_window,real_method,64,0.027205882352941177,0.04027777777777777,0.0,0.0,0.05,0.0625,0.25,0.125,0.625,0.0
2,bm25_window,real_method,None,0.03553921568627451,0.0761904761904762,0.0,0.0,0.1875,0.0625,0.5,0.875,0.875,0.125
2,dense_retrieval,real_method,1024,0.03398617511520738,0.08705357142857144,0.0,0.0,0.125,0.14583333333333331,0.2857142857142857,0.5,0.625,0.0
2,dense_retrieval,real_method,128,0.028726708074534167,0.08229813664596275,0.0,0.0,0.125,0.14583333333333331,0.14285714285714285,0.375,0.375,0.0
2,dense_retrieval,real_method,2048,0.04722222222222222,0.09682539682539683,0.0,0.0,0.125,0.14583333333333331,0.2857142857142857,0.625,0.75,0.0
2,dense_retrieval,real_method,256,0.03035714285714286,0.08392857142857144,0.0,0.0,0.125,0.14583333333333331,0.14285714285714285,0.5,0.5,0.0
2,dense_retrieval,real_method,4096,0.03333333333333334,0.06904761904761905,0.0,0.0,0.0625,0.0625,0.25,0.625,1.0,0.0
2,dense_retrieval,real_method,512,0.03035714285714286,0.08392857142857144,0.0,0.0,0.125,0.14583333333333331,0.14285714285714285,0.5,0.5,0.0
2,dense_retrieval,real_method,64,0.02786377708978328,0.04093567251461988,0.0,0.0,0.05,0.0625,0.125,0.125,0.125,0.0
2,dense_retrieval,real_method,None,0.03333333333333334,0.06904761904761905,0.0,0.0,0.0625,0.0625,0.375,0.625,1.0,0.0
2,dense_retrieval_window,real_method,1024,0.024758454106280192,0.0743616287094548,0.0,0.0,0.125,0.14583333333333331,0.3125,0.5,0.875,0.0
2,dense_retrieval_window,real_method,128,0.014705882352941176,0.014705882352941176,0.0,0.0,0.0,0.0,0.125,0.25,0.75,0.0
2,dense_retrieval_window,real_method,2048,0.03888888888888889,0.0759920634920635,0.0,0.0,0.125,0.14583333333333331,0.21428571428571427,0.5,0.875,0.0
2,dense_retrieval_window,real_method,256,0.010869565217391306,0.010869565217391306,0.0,0.0,0.0,0.0,0.0,0.25,0.75,0.0
2,dense_retrieval_window,real_method,4096,0.03888888888888889,0.0759920634920635,0.0,0.0,0.125,0.14583333333333331,0.2857142857142857,0.5,0.875,0.0
2,dense_retrieval_window,real_method,512,0.025252525252525252,0.039141414141414144,0.0,0.0,0.0625,0.08333333333333333,0.0,0.25,0.75,0.0
2,dense_retrieval_window,real_method,64,0.029411764705882353,0.042483660130718956,0.0,0.0,0.05,0.0625,0.125,0.125,0.75,0.0
2,dense_retrieval_window,real_method,None,0.05339635854341737,0.09940476190476191,0.0,0.0,0.125,0.14583333333333331,0.42857142857142855,0.625,1.0,0.0
2,hybrid,real_method,1024,0.04722222222222222,0.09682539682539683,0.0,0.0,0.125,0.14583333333333331,0.2857142857142857,0.5,0.625,0.0
2,hybrid,real_method,128,0.0125,0.0125,0.0,0.0,0.0,0.0,0.0,0.0,0.0,0.0
2,hybrid,real_method,2048,0.05472222222222223,0.11496732026143791,0.0,0.0,0.20833333333333331,0.14583333333333331,0.5714285714285714,0.625,0.75,0.0
2,hybrid,real_method,256,0.03035714285714286,0.04821428571428572,0.0,0.0,0.0625,0.08333333333333333,0.2857142857142857,0.125,0.25,0.0
2,hybrid,real_method,4096,0.049428104575163404,0.12844304388422037,0.0,0.0,0.125,0.14583333333333331,0.42857142857142855,0.625,1.0,0.0
2,hybrid,real_method,512,0.051190476190476196,0.10476190476190478,0.0,0.0,0.125,0.14583333333333331,0.42857142857142855,0.375,0.5,0.0
2,hybrid,real_method,64,0.013157894736842105,0.013157894736842105,0.0,0.0,0.0,0.0,0.0,0.0,0.0,0.0
2,hybrid,real_method,None,0.049428104575163404,0.122140522875817,0.0,0.0,0.125,0.14583333333333331,0.42857142857142855,0.625,1.0,0.0
2,last_k_turns,real_method,1024,0.014705882352941176,0.014705882352941176,0.0,0.0,0.0,0.0,0.125,0.0,0.0,0.0
2,last_k_turns,real_method,128,0.014705882352941176,0.014705882352941176,0.0,0.0,0.0,0.0,0.125,0.0,0.0,0.0
2,last_k_turns,real_method,2048,0.014705882352941176,0.014705882352941176,0.0,0.0,0.0,0.0,0.125,0.0,0.0,0.0
2,last_k_turns,real_method,256,0.014705882352941176,0.014705882352941176,0.0,0.0,0.0,0.0,0.125,0.0,0.0,0.0
2,last_k_turns,real_method,4096,0.014705882352941176,0.014705882352941176,0.0,0.0,0.0,0.0,0.125,0.0,0.0,0.0
2,last_k_turns,real_method,512,0.014705882352941176,0.014705882352941176,0.0,0.0,0.0,0.0,0.125,0.0,0.0,0.0
2,last_k_turns,real_method,64,0.014705882352941176,0.014705882352941176,0.0,0.0,0.0,0.0,0.125,0.0,0.0,0.0
2,last_k_turns,real_method,None,0.014705882352941176,0.014705882352941176,0.0,0.0,0.0,0.0,0.125,0.0,0.0,0.0
2,no_compression,real_method,1024,0.031015037593984964,0.04212454212454213,0.0,0.0,0.0625,0.08333333333333333,0.14285714285714285,1.0,1.0,0.125
2,no_compression,real_method,128,0.031015037593984964,0.04212454212454213,0.0,0.0,0.0625,0.08333333333333333,0.14285714285714285,1.0,1.0,0.125
2,no_compression,real_method,2048,0.031015037593984964,0.04212454212454213,0.0,0.0,0.0625,0.08333333333333333,0.14285714285714285,1.0,1.0,0.125
2,no_compression,real_method,256,0.031015037593984964,0.04212454212454213,0.0,0.0,0.0625,0.08333333333333333,0.14285714285714285,1.0,1.0,0.125
2,no_compression,real_method,4096,0.031015037593984964,0.04212454212454213,0.0,0.0,0.0625,0.08333333333333333,0.14285714285714285,1.0,1.0,0.125
2,no_compression,real_method,512,0.031015037593984964,0.04212454212454213,0.0,0.0,0.0625,0.08333333333333333,0.14285714285714285,1.0,1.0,0.125
2,no_compression,real_method,64,0.031015037593984964,0.04212454212454213,0.0,0.0,0.0625,0.08333333333333333,0.14285714285714285,1.0,1.0,0.125
2,no_compression,real_method,None,0.031015037593984964,0.04212454212454213,0.0,0.0,0.0625,0.08333333333333333,0.14285714285714285,1.0,1.0,0.125
2,retrieval,real_method,1024,0.04722222222222222,0.09052287581699346,0.0,0.0,0.125,0.14583333333333331,0.2857142857142857,0.5,0.625,0.0
2,retrieval,real_method,128,0.032563025210084036,0.05042016806722689,0.0,0.0,0.0625,0.08333333333333333,0.0,0.25,0.375,0.0
2,retrieval,real_method,2048,0.049428104575163404,0.12844304388422037,0.0,0.0,0.125,0.14583333333333331,0.42857142857142855,0.625,0.75,0.0
2,retrieval,real_method,256,0.051848370927318296,0.10476190476190478,0.0,0.0,0.125,0.14583333333333331,0.2857142857142857,0.375,0.5,0.0
2,retrieval,real_method,4096,0.049428104575163404,0.12844304388422037,0.0,0.0,0.125,0.14583333333333331,0.42857142857142855,0.625,1.0,0.0
2,retrieval,real_method,512,0.04608585858585859,0.0956890331890332,0.0,0.0,0.125,0.14583333333333331,0.4375,0.5,0.625,0.0
2,retrieval,real_method,64,0.028594771241830064,0.04093567251461988,0.0,0.0,0.05,0.0625,0.125,0.125,0.125,0.0
2,retrieval,real_method,None,0.049428104575163404,0.122140522875817,0.0,0.0,0.125,0.14583333333333331,0.42857142857142855,0.625,1.0,0.0
2,retrieval_window,real_method,1024,0.028594771241830064,0.10760971055088703,0.0,0.0,0.125,0.14583333333333331,0.375,0.625,0.875,0.125
2,retrieval_window,real_method,128,0.0125,0.0125,0.0,0.0,0.0,0.0,0.125,0.25,0.75,0.0
2,retrieval_window,real_method,2048,0.028594771241830064,0.10760971055088703,0.0,0.0,0.125,0.14583333333333331,0.2857142857142857,0.625,0.875,0.125
2,retrieval_window,real_method,256,0.022727272727272728,0.06818181818181818,0.0,0.0,0.0,0.0,0.125,0.375,0.875,0.0
2,retrieval_window,real_method,4096,0.014705882352941176,0.07983193277310925,0.0,0.0,0.0625,0.0625,0.25,0.625,0.875,0.125
2,retrieval_window,real_method,512,0.029411764705882353,0.07983193277310925,0.0,0.0,0.0625,0.0625,0.25,0.375,0.875,0.0
2,retrieval_window,real_method,64,0.027205882352941177,0.04027777777777777,0.0,0.0,0.05,0.0625,0.25,0.125,0.75,0.0
2,retrieval_window,real_method,None,0.05339635854341737,0.1363795518207283,0.0,0.0,0.125,0.14583333333333331,0.5714285714285714,0.75,1.0,0.125
2,sliding_window,real_method,1024,0.0125,0.0125,0.0,0.0,0.0,0.0,0.125,0.0,0.0,0.0
2,sliding_window,real_method,128,0.0125,0.0125,0.0,0.0,0.0,0.0,0.0,0.0,0.0,0.0
2,sliding_window,real_method,2048,0.010869565217391306,0.010869565217391306,0.0,0.0,0.0,0.0,0.0,0.0,0.0,0.0
2,sliding_window,real_method,256,0.014705882352941176,0.014705882352941176,0.0,0.0,0.0,0.0,0.125,0.0,0.0,0.0
2,sliding_window,real_method,4096,0.010869565217391306,0.010869565217391306,0.0,0.0,0.0,0.0,0.0,0.0,0.0,0.0
2,sliding_window,real_method,512,0.0125,0.0125,0.0,0.0,0.0,0.0,0.125,0.0,0.0,0.0
2,sliding_window,real_method,64,0.016666666666666666,0.015625,0.0,0.0,0.0,0.0,0.125,0.0,0.0,0.0
2,sliding_window,real_method,None,0.031015037593984964,0.04212454212454213,0.0,0.0,0.0625,0.08333333333333333,0.14285714285714285,1.0,1.0,0.125
2,upper_bound_oracle,upper_bound_oracle,1024,0.09620098039215687,0.12397875816993464,0.0,0.0,0.05,0.0625,0.5,1.0,1.0,0.125
2,upper_bound_oracle,upper_bound_oracle,128,0.09620098039215687,0.12397875816993464,0.0,0.0,0.05,0.0625,0.5,1.0,1.0,0.125
2,upper_bound_oracle,upper_bound_oracle,2048,0.09620098039215687,0.12397875816993464,0.0,0.0,0.05,0.0625,0.5,1.0,1.0,0.125
2,upper_bound_oracle,upper_bound_oracle,256,0.09620098039215687,0.12397875816993464,0.0,0.0,0.05,0.0625,0.5,1.0,1.0,0.125
2,upper_bound_oracle,upper_bound_oracle,4096,0.09620098039215687,0.12397875816993464,0.0,0.0,0.05,0.0625,0.5,1.0,1.0,0.125
2,upper_bound_oracle,upper_bound_oracle,512,0.09620098039215687,0.12397875816993464,0.0,0.0,0.05,0.0625,0.5,1.0,1.0,0.125
2,upper_bound_oracle,upper_bound_oracle,64,0.09620098039215687,0.12397875816993464,0.0,0.0,0.05,0.0625,0.5,1.0,1.0,0.125
2,upper_bound_oracle,upper_bound_oracle,None,0.09620098039215687,0.12397875816993464,0.0,0.0,0.05,0.0625,0.5,1.0,1.0,0.125
3,bm25,real_method,1024,0.021531100478468897,0.07328206644976831,0.0,,,0.08571428571428572,0.5,0.14285714285714285,0.6428571428571429,0.0
3,bm25,real_method,128,0.022857142857142857,0.04204081632653061,0.0,,,0.09523809523809523,0.2857142857142857,0.0,0.21428571428571427,0.0
3,bm25,real_method,2048,0.024325519681556832,0.0493667552491082,0.0,,,0.09523809523809523,0.42857142857142855,0.14285714285714285,0.6428571428571429,0.0
3,bm25,real_method,256,0.04734299516908213,0.09099378881987577,0.0,,,0.09523809523809523,0.2857142857142857,0.14285714285714285,0.35714285714285715,0.0
3,bm25,real_method,4096,0.024434824434824438,0.04223467164643635,0.0,,,0.05714285714285715,0.42857142857142855,0.14285714285714285,0.6428571428571429,0.0
3,bm25,real_method,512,0.035830241187384045,0.1064736764270926,0.0,,,0.07142857142857142,0.5714285714285714,0.14285714285714285,0.5,0.0
3,bm25,real_method,64,0.02380952380952381,0.04317460317460318,0.0,,,0.09523809523809523,0.14285714285714285,0.0,0.14285714285714285,0.0
3,bm25,real_method,None,0.013414354505847282,0.036129345355163336,0.0,,,0.04761904761904762,0.5,0.21428571428571427,0.7857142857142857,0.0
3,bm25_window,real_method,1024,0.08093493807779521,0.10942975942975942,0.0,,,0.07792207792207792,0.7142857142857143,0.21428571428571427,0.7142857142857143,0.0
3,bm25_window,real_method,128,0.01680672268907563,0.03221288515406163,0.0,,,0.09523809523809523,0.14285714285714285,0.0,0.5714285714285714,0.0
3,bm25_window,real_method,2048,0.029681958253386827,0.0400604686318972,0.0,,,0.08571428571428572,0.42857142857142855,0.21428571428571427,0.7142857142857143,0.0
3,bm25_window,real_method,256,0.007518796992481203,0.045787545787545784,0.0,,,0.09523809523809523,0.2857142857142857,0.0,0.5714285714285714,0.0
3,bm25_window,real_method,4096,0.015928906773977198,0.045420546597017185,0.0,,,0.06593406593406594,0.42857142857142855,0.21428571428571427,0.7857142857142857,0.0
3,bm25_window,real_method,512,0.055851693911395404,0.06365973619494746,0.0,,,0.07142857142857142,0.5714285714285714,0.07142857142857142,0.5714285714285714,0.0
3,bm25_window,real_method,64,0.0069686411149825775,0.03421926910299004,0.0,,,0.07792207792207792,0.14285714285714285,0.0,0.5714285714285714,0.0
3,bm25_window,real_method,None,0.009265750251455393,0.024679945003504154,0.0,,,0.03571428571428571,0.35714285714285715,0.21428571428571427,0.7857142857142857,0.0
3,dense_retrieval,real_method,1024,0.03997113997113998,0.07125768967874231,0.0,,,0.09523809523809523,0.7142857142857143,0.21428571428571427,0.42857142857142855,0.0
3,dense_retrieval,real_method,128,0.0339534607269161,0.0703647416413374,0.0,,,0.08571428571428572,0.2857142857142857,0.21428571428571427,0.2857142857142857,0.0
3,dense_retrieval,real_method,2048,0.022301228183581125,0.032391138273491216,0.0,,,0.08571428571428572,0.6428571428571429,0.21428571428571427,0.6428571428571429,0.0
3,dense_retrieval,real_method,256,0.050299545655582804,0.084634663582032,0.0,,,0.10714285714285712,0.7142857142857143,0.21428571428571427,0.2857142857142857,0.0
3,dense_retrieval,real_method,4096,0.03806042085696446,0.06195670001640151,0.0,,,0.06593406593406594,0.8571428571428571,0.21428571428571427,0.7857142857142857,0.0
3,dense_retrieval,real_method,512,0.04966962861699704,0.08503401360544219,0.0,,,0.09523809523809523,0.5,0.21428571428571427,0.2857142857142857,0.0
3,dense_retrieval,real_method,64,0.02050580997949419,0.03441558441558441,0.0,,,0.07142857142857142,0.14285714285714285,0.0,0.0,0.0
3,dense_retrieval,real_method,None,0.05227693416547906,0.07723179106157829,0.0,,,0.08571428571428572,0.7142857142857143,0.2619047619047619,0.9285714285714286,0.0
3,dense_retrieval_window,real_method,1024,0.03827838827838829,0.09761904761904762,0.0,,,0.07142857142857142,0.7142857142857143,0.47619047619047616,0.7142857142857143,0.0
3,dense_retrieval_window,real_method,128,0.0060790273556231,0.01680672268907563,0.0,,,0.05357142857142857,0.42857142857142855,0.0,0.7142857142857143,0.0
3,dense_retrieval_window,real_method,2048,0.04995822890559733,0.07675736961451247,0.0,,,0.07142857142857142,0.7142857142857143,0.619047619047619,0.8571428571428571,0.0
3,dense_retrieval_window,real_method,256,0.015873015873015872,0.05714285714285715,0.0,,,0.09523809523809523,0.2857142857142857,0.0,0.7142857142857143,0.0
3,dense_retrieval_window,real_method,4096,0.05136407993550851,0.08187976045118903,0.0,,,0.08571428571428572,0.7142857142857143,0.619047619047619,0.8571428571428571,0.0
3,dense_retrieval_window,real_method,512,0.0669301458775143,0.09508386350491614,0.0,,,0.07792207792207792,0.7142857142857143,0.47619047619047616,0.7142857142857143,0.0
3,dense_retrieval_window,real_method,64,0.03793256433007986,0.073918958887903,0.0,,,0.08571428571428572,0.2857142857142857,0.0,0.7142857142857143,0.0
3,dense_retrieval_window,real_method,None,0.04420993514945225,0.05350040826971259,0.0,,,0.07142857142857142,0.5714285714285714,0.619047619047619,0.9285714285714286,0.0
3,hybrid,real_method,1024,0.04073722512260718,0.04683411826268969,0.0,,,0.061224489795918366,0.42857142857142855,0.14285714285714285,0.35714285714285715,0.0
3,hybrid,real_method,128,0.029478458049886618,0.0564625850340136,0.0,,,0.09523809523809523,0.0,0.0,0.0,0.0
3,hybrid,real_method,2048,0.015615337043908472,0.030766852195423623,0.0,,,0.05714285714285715,0.42857142857142855,0.14285714285714285,0.7857142857142857,0.0
3,hybrid,real_method,256,0.011428571428571429,0.049773755656108594,0.0,,,0.09523809523809523,0.14285714285714285,0.0,0.0,0.0
3,hybrid,real_method,4096,0.02035714285714286,0.04606060606060606,0.0,,,0.09523809523809523,0.35714285714285715,0.14285714285714285,1.0,0.0
3,hybrid,real_method,512,0.05523365523365524,0.09852708267342414,0.0,,,0.09523809523809523,0.42857142857142855,0.14285714285714285,0.2857142857142857,0.0
3,hybrid,real_method,64,0.015873015873015872,0.04285714285714286,0.0,,,0.09523809523809523,0.14285714285714285,0.0,0.0,0.0
3,hybrid,real_method,None,0.022534013605442178,0.04823747680890538,0.0,,,0.09523809523809523,0.35714285714285715,0.14285714285714285,1.0,0.0
3,last_k_turns,real_method,1024,0.02132744989887847,0.035583464154892726,0.0,,,0.07792207792207792,0.2857142857142857,0.0,0.0,0.0
3,last_k_turns,real_method,128,0.02132744989887847,0.035583464154892726,0.0,,,0.07792207792207792,0.2857142857142857,0.0,0.0,0.0
3,last_k_turns,real_method,2048,0.02132744989887847,0.035583464154892726,0.0,,,0.07792207792207792,0.2857142857142857,0.0,0.0,0.0
3,last_k_turns,real_method,256,0.02132744989887847,0.035583464154892726,0.0,,,0.07792207792207792,0.2857142857142857,0.0,0.0,0.0
3,last_k_turns,real_method,4096,0.02132744989887847,0.035583464154892726,0.0,,,0.07792207792207792,0.2857142857142857,0.0,0.0,0.0
3,last_k_turns,real_method,512,0.02132744989887847,0.035583464154892726,0.0,,,0.07792207792207792,0.2857142857142857,0.0,0.0,0.0
3,last_k_turns,real_method,64,0.02132744989887847,0.035583464154892726,0.0,,,0.07792207792207792,0.2857142857142857,0.0,0.0,0.0
3,last_k_turns,real_method,None,0.02132744989887847,0.035583464154892726,0.0,,,0.07792207792207792,0.2857142857142857,0.0,0.0,0.0
3,no_compression,real_method,1024,0.031338561457406953,0.036940987704994495,0.0,,,0.05357142857142857,0.6428571428571429,1.0,1.0,0.0
3,no_compression,real_method,128,0.031338561457406953,0.036940987704994495,0.0,,,0.05357142857142857,0.6428571428571429,1.0,1.0,0.0
3,no_compression,real_method,2048,0.031338561457406953,0.036940987704994495,0.0,,,0.05357142857142857,0.6428571428571429,1.0,1.0,0.0
3,no_compression,real_method,256,0.031338561457406953,0.036940987704994495,0.0,,,0.05357142857142857,0.6428571428571429,1.0,1.0,0.0
3,no_compression,real_method,4096,0.031338561457406953,0.036940987704994495,0.0,,,0.05357142857142857,0.6428571428571429,1.0,1.0,0.0
3,no_compression,real_method,512,0.031338561457406953,0.036940987704994495,0.0,,,0.05357142857142857,0.6428571428571429,1.0,1.0,0.0
3,no_compression,real_method,64,0.031338561457406953,0.036940987704994495,0.0,,,0.05357142857142857,0.6428571428571429,1.0,1.0,0.0
3,no_compression,real_method,None,0.031338561457406953,0.036940987704994495,0.0,,,0.05357142857142857,0.6428571428571429,1.0,1.0,0.0
3,retrieval,real_method,1024,0.021034339661790642,0.03297780650721827,0.0,,,0.05042016806722689,0.42857142857142855,0.14285714285714285,0.35714285714285715,0.0
3,retrieval,real_method,128,0.023333333333333334,0.04251700680272108,0.0,,,0.09523809523809523,0.2857142857142857,0.0,0.14285714285714285,0.0
3,retrieval,real_method,2048,0.015615337043908472,0.03051220488195278,0.0,,,0.05714285714285715,0.42857142857142855,0.14285714285714285,0.8571428571428571,0.0
3,retrieval,real_method,256,0.011428571428571429,0.0419047619047619,0.0,,,0.0,0.2857142857142857,0.0,0.14285714285714285,0.0
3,retrieval,real_method,4096,0.020645161290322584,0.04841836734693877,0.0,,,0.09523809523809523,0.42857142857142855,0.14285714285714285,1.0,0.0
3,retrieval,real_method,512,0.06763553906411049,0.09202226345083488,0.0,,,0.09523809523809523,0.42857142857142855,0.14285714285714285,0.35714285714285715,0.0
3,retrieval,real_method,64,0.0,0.0,0.0,,,0.0,0.2857142857142857,0.0,0.0,0.0
3,retrieval,real_method,None,0.020645161290322584,0.04841836734693877,0.0,,,0.09523809523809523,0.42857142857142855,0.14285714285714285,1.0,0.0
3,retrieval_window,real_method,1024,0.04027136614075918,0.06664120193531957,0.0,,,0.07142857142857142,0.42857142857142855,0.2857142857142857,0.7142857142857143,0.0
3,retrieval_window,real_method,128,0.012572533849129593,0.02315592903828198,0.0,,,0.05357142857142857,0.2857142857142857,0.0,0.7142857142857143,0.0
3,retrieval_window,real_method,2048,0.047701206086299255,0.07076925379612792,0.0,,,0.045112781954887216,0.5714285714285714,0.2857142857142857,0.8571428571428571,0.0
3,retrieval_window,real_method,256,0.027301587301587302,0.054285714285714284,0.0,,,0.09523809523809523,0.14285714285714285,0.07142857142857142,0.7142857142857143,0.0
3,retrieval_window,real_method,4096,0.03858237001094145,0.06292497524813236,0.0,,,0.061224489795918366,0.7142857142857143,0.2857142857142857,0.9285714285714286,0.0
3,retrieval_window,real_method,512,0.04229104229104229,0.05587095830998269,0.0,,,0.08571428571428572,0.5714285714285714,0.14285714285714285,0.7142857142857143,0.0
3,retrieval_window,real_method,64,0.028711484593837537,0.050158730158730166,0.0,,,0.08571428571428572,0.14285714285714285,0.0,0.7142857142857143,0.0
3,retrieval_window,real_method,None,0.044481018213737115,0.056076203172090444,0.0,,,0.037267080745341616,0.5714285714285714,0.35714285714285715,1.0,0.0
3,sliding_window,real_method,1024,0.02074829931972789,0.034013605442176874,0.0,,,0.07792207792207792,0.2857142857142857,0.0,0.0,0.0
3,sliding_window,real_method,128,0.029478458049886618,0.0564625850340136,0.0,,,0.09523809523809523,0.14285714285714285,0.0,0.0,0.0
3,sliding_window,real_method,2048,0.01674641148325359,0.022486772486772482,0.0,,,0.04285714285714286,0.42857142857142855,0.0,0.0,0.0
3,sliding_window,real_method,256,0.02132744989887847,0.035583464154892726,0.0,,,0.07792207792207792,0.2857142857142857,0.0,0.0,0.0
3,sliding_window,real_method,4096,0.018609022556390974,0.041691146972422446,0.0,,,0.05042016806722689,0.42857142857142855,0.0,0.0,0.0
3,sliding_window,real_method,512,0.02132744989887847,0.035583464154892726,0.0,,,0.07792207792207792,0.2857142857142857,0.0,0.0,0.0
3,sliding_window,real_method,64,0.02154195011337869,0.036161833154314364,0.0,,,0.07792207792207792,0.2857142857142857,0.0,0.0,0.0
3,sliding_window,real_method,None,0.031338561457406953,0.036940987704994495,0.0,,,0.05357142857142857,0.6428571428571429,1.0,1.0,0.0
3,upper_bound_oracle,upper_bound_oracle,1024,0.09058704453441295,0.15586080586080583,0.0,,,0.09523809523809523,0.8571428571428571,1.0,1.0,0.0
3,upper_bound_oracle,upper_bound_oracle,128,0.09058704453441295,0.15586080586080583,0.0,,,0.09523809523809523,0.8571428571428571,1.0,1.0,0.0
3,upper_bound_oracle,upper_bound_oracle,2048,0.09058704453441295,0.15586080586080583,0.0,,,0.09523809523809523,0.8571428571428571,1.0,1.0,0.0
3,upper_bound_oracle,upper_bound_oracle,256,0.09058704453441295,0.15586080586080583,0.0,,,0.09523809523809523,0.8571428571428571,1.0,1.0,0.0
3,upper_bound_oracle,upper_bound_oracle,4096,0.09058704453441295,0.15586080586080583,0.0,,,0.09523809523809523,0.8571428571428571,1.0,1.0,0.0
3,upper_bound_oracle,upper_bound_oracle,512,0.09058704453441295,0.15586080586080583,0.0,,,0.09523809523809523,0.8571428571428571,1.0,1.0,0.0
3,upper_bound_oracle,upper_bound_oracle,64,0.09058704453441295,0.15586080586080583,0.0,,,0.09523809523809523,0.8571428571428571,1.0,1.0,0.0
3,upper_bound_oracle,upper_bound_oracle,None,0.09058704453441295,0.15586080586080583,0.0,,,0.09523809523809523,0.8571428571428571,1.0,1.0,0.0
4,bm25,real_method,1024,0.21097513597513598,0.28077843209422154,0.0,0.0,0.0,0.1625,0.625,0.5,0.875,0.5
4,bm25,real_method,128,0.07015669515669515,0.09482600732600732,0.0,,,0.0,0.25,0.125,0.875,0.125
4,bm25,real_method,2048,0.18824786324786325,0.25805115936694883,0.0,0.0,0.0,0.1625,0.625,0.5416666666666666,0.875,0.5
4,bm25,real_method,256,0.07685185185185185,0.1261904761904762,0.0,,,0.0,0.375,0.125,0.875,0.125
4,bm25,real_method,4096,0.21097513597513598,0.28077843209422154,0.0,0.0,0.0,0.1625,0.625,0.5416666666666666,1.0,0.5
4,bm25,real_method,512,0.15295374560080444,0.19694004825583772,0.0,0.0,0.0,0.0625,0.5,0.375,0.875,0.375
4,bm25,real_method,64,0.07987682252388136,0.07695284591569422,0.0,0.0,0.0,0.0,0.125,0.125,0.625,0.125
4,bm25,real_method,None,0.21097513597513598,0.28077843209422154,0.0,0.0,0.0,0.1625,0.625,0.5416666666666666,1.0,0.5
4,bm25_window,real_method,1024,0.24861111111111112,0.33433447749809303,0.0,,,0.26666666666666666,0.6875,0.6666666666666666,1.0,0.625
4,bm25_window,real_method,128,0.03229166666666666,0.03125,0.0,,,0.0,0.0,0.0,0.75,0.0
4,bm25_window,real_method,2048,0.2588123793768955,0.3056363866396761,0.0,0.0,0.0,0.24583333333333335,0.75,0.7083333333333334,1.0,0.625
4,bm25_window,real_method,256,0.044230769230769226,0.04292028535980149,0.0,,,0.0,0.0,0.0,0.75,0.0
4,bm25_window,real_method,4096,0.27477532320209663,0.3213984480431849,0.0,0.0,0.0,0.24583333333333335,0.75,0.7083333333333334,1.0,0.625
4,bm25_window,real_method,512,0.23436855290303565,0.25615721997300944,0.0,0.0,0.0,0.24583333333333335,0.5,0.5,0.875,0.5
4,bm25_window,real_method,64,0.029166666666666667,0.029166666666666667,0.0,0.0,0.0,0.0,0.0,0.0,0.75,0.0
4,bm25_window,real_method,None,0.256845424223473,0.33949055330634276,0.0,0.0,0.0,0.24583333333333335,1.0,0.7083333333333334,1.0,0.625
4,dense_retrieval,real_method,1024,0.21681929181929183,0.2881016644174539,0.0,0.0,0.0,0.14583333333333331,0.875,0.5833333333333333,0.875,0.625
4,dense_retrieval,real_method,128,0.1968818082788671,0.1955094537815126,0.125,0.0,0.0,0.125,0.3125,0.25,0.5,0.25
4,dense_retrieval,real_method,2048,0.2100071225071225,0.26269457629484855,0.0,0.0,0.0,0.14583333333333331,0.875,0.6666666666666666,1.0,0.625
4,dense_retrieval,real_method,256,0.11694947209653092,0.15178462612424987,0.0,0.0,0.0,0.08333333333333333,0.4375,0.29166666666666663,0.875,0.25
4,dense_retrieval,real_method,4096,0.22347513597513596,0.29952843209422153,0.0,0.0,0.0,0.14583333333333331,0.875,0.7291666666666666,1.0,0.625
4,dense_retrieval,real_method,512,0.21623803827751198,0.2907566518847007,0.0,,,0.20833333333333331,0.75,0.4583333333333333,0.875,0.375
4,dense_retrieval,real_method,64,0.02524038461538462,0.02432126696832579,0.0,0.0,0.0,0.0,0.0,0.0,0.75,0.0
4,dense_retrieval,real_method,None,0.22347513597513596,0.29952843209422153,0.0,0.0,0.0,0.14583333333333331,0.875,0.7291666666666666,1.0,0.625
4,dense_retrieval_window,real_method,1024,0.25074786324786325,0.32055115936694883,0.0,0.0,0.0,0.24583333333333335,0.75,0.8333333333333334,1.0,0.625
4,dense_retrieval_window,real_method,128,0.04479166666666667,0.043154761904761904,0.0,,,0.0,0.0625,0.0,0.75,0.0
4,dense_retrieval_window,real_method,2048,0.25074786324786325,0.35180115936694883,0.0,0.0,0.0,0.24583333333333335,0.875,0.9583333333333334,1.0,0.75
4,dense_retrieval_window,real_method,256,0.09978632478632479,0.09555186430716991,0.0,,,0.0,0.125,0.125,0.75,0.125
4,dense_retrieval_window,real_method,4096,0.25750462000462,0.3582114157772053,0.0,0.0,0.0,0.24583333333333335,0.875,0.9583333333333334,1.0,0.75
4,dense_retrieval_window,real_method,512,0.18824786324786325,0.25805115936694883,0.0,0.0,0.0,0.1625,0.625,0.625,1.0,0.5
4,dense_retrieval_window,real_method,64,0.03173076923076923,0.030357142857142857,0.0,0.0,0.0,0.0,0.0,0.0,0.75,0.0
4,dense_retrieval_window,real_method,None,0.27347513597513595,0.3745284320942216,0.0,0.0,0.0,0.24583333333333335,1.0,0.9583333333333334,1.0,0.75
4,hybrid,real_method,1024,0.1619281045751634,0.23068973402758233,0.0,0.0,0.0,0.1,0.5,0.375,1.0,0.375
4,hybrid,real_method,128,0.03137254901960784,0.03033088235294118,0.0,0.0,0.0,0.0,0.0,0.0,0.0,0.0
4,hybrid,real_method,2048,0.16798871063576945,0.23779200675485504,0.0,0.0,0.0,0.1,0.5,0.375,1.0,0.375
4,hybrid,real_method,256,0.09883286647992531,0.09337912796697627,0.0,0.0,0.0,0.0,0.125,0.125,0.75,0.125
4,hybrid,real_method,4096,0.1727976697925547,0.25431504488693574,0.0,0.0,0.0,0.1,0.5625,0.375,1.0,0.375
4,hybrid,real_method,512,0.1119281045751634,0.16074023907808738,0.0,0.0,0.0,0.0,0.375,0.25,1.0,0.25
4,hybrid,real_method,64,0.0869281045751634,0.0829624613003096,0.0,0.0,0.0,0.0,0.125,0.125,0.25,0.125
4,hybrid,real_method,None,0.1727976697925547,0.24985075917265004,0.0,0.0,0.0,0.1,0.5,0.375,1.0,0.375
4,last_k_turns,real_method,1024,0.0381293057763646,0.03690982972136223,0.0,0.0,0.0,0.0,0.0625,0.0,0.0,0.0
4,last_k_turns,real_method,128,0.0381293057763646,0.03690982972136223,0.0,0.0,0.0,0.0,0.0625,0.0,0.0,0.0
4,last_k_turns,real_method,2048,0.0381293057763646,0.03690982972136223,0.0,0.0,0.0,0.0,0.0625,0.0,0.0,0.0
4,last_k_turns,real_method,256,0.0381293057763646,0.03690982972136223,0.0,0.0,0.0,0.0,0.0625,0.0,0.0,0.0
4,last_k_turns,real_method,4096,0.0381293057763646,0.03690982972136223,0.0,0.0,0.0,0.0,0.0625,0.0,0.0,0.0
4,last_k_turns,real_method,512,0.0381293057763646,0.03690982972136223,0.0,0.0,0.0,0.0,0.0625,0.0,0.0,0.0
4,last_k_turns,real_method,64,0.0381293057763646,0.03690982972136223,0.0,0.0,0.0,0.0,0.0625,0.0,0.0,0.0
4,last_k_turns,real_method,None,0.0381293057763646,0.03690982972136223,0.0,0.0,0.0,0.0,0.0625,0.0,0.0,0.0
4,no_compression,real_method,1024,0.27347513597513595,0.3745284320942216,0.0,0.0,0.0,0.24583333333333335,1.0,0.9583333333333334,1.0,0.75
4,no_compression,real_method,128,0.27347513597513595,0.3745284320942216,0.0,0.0,0.0,0.24583333333333335,1.0,0.9583333333333334,1.0,0.75
4,no_compression,real_method,2048,0.27347513597513595,0.3745284320942216,0.0,0.0,0.0,0.24583333333333335,1.0,0.9583333333333334,1.0,0.75
4,no_compression,real_method,256,0.27347513597513595,0.3745284320942216,0.0,0.0,0.0,0.24583333333333335,1.0,0.9583333333333334,1.0,0.75
4,no_compression,real_method,4096,0.27347513597513595,0.3745284320942216,0.0,0.0,0.0,0.24583333333333335,1.0,0.9583333333333334,1.0,0.75
4,no_compression,real_method,512,0.27347513597513595,0.3745284320942216,0.0,0.0,0.0,0.24583333333333335,1.0,0.9583333333333334,1.0,0.75
4,no_compression,real_method,64,0.27347513597513595,0.3745284320942216,0.0,0.0,0.0,0.24583333333333335,1.0,0.9583333333333334,1.0,0.75
4,no_compression,real_method,None,0.27347513597513595,0.3745284320942216,0.0,0.0,0.0,0.24583333333333335,1.0,0.9583333333333334,1.0,0.75
4,retrieval,real_method,1024,0.15912698412698414,0.22788861357940307,0.0,0.0,0.0,0.1,0.5,0.375,1.0,0.375
4,retrieval,real_method,128,0.1119281045751634,0.15673140069424898,0.0,0.0,0.0,0.0,0.375,0.25,0.875,0.25
4,retrieval,real_method,2048,0.16798871063576945,0.23779200675485504,0.0,0.0,0.0,0.1,0.5,0.375,1.0,0.375
4,retrieval,real_method,256,0.14728163992869875,0.19901775103980987,0.0,0.0,0.0,0.125,0.375,0.25,1.0,0.25
4,retrieval,real_method,4096,0.1757936507936508,0.24932893036855705,0.0,,,0.1,0.5,0.375,1.0,0.375
4,retrieval,real_method,512,0.11088643790849674,0.16074023907808738,0.0,0.0,0.0,0.0,0.375,0.25,1.0,0.25
4,retrieval,real_method,64,0.08183760683760684,0.07787196356275304,0.0,0.0,0.0,0.0,0.125,0.125,0.75,0.125
4,retrieval,real_method,None,0.1738328664799253,0.2508403682770538,0.0,0.0,0.0,0.1,0.5,0.375,1.0,0.375
4,retrieval_window,real_method,1024,0.2596764346764347,0.3067524580682475,0.0,0.0,0.0,0.24583333333333335,0.75,0.7291666666666666,1.0,0.625
4,retrieval_window,real_method,128,0.035897435897435895,0.03485576923076923,0.0,,,0.0,0.0,0.0,0.75,0.0
4,retrieval_window,real_method,2048,0.25074786324786325,0.3086934518570674,0.0,0.0,0.0,0.24583333333333335,0.75,0.7291666666666666,1.0,0.625
4,retrieval_window,real_method,256,0.12083333333333332,0.16059427803379417,0.125,,,0.125,0.1875,0.125,0.75,0.125
4,retrieval_window,real_method,4096,0.25074786324786325,0.30972864854443805,0.0,0.0,0.0,0.24583333333333335,0.6875,0.7291666666666666,1.0,0.625
4,retrieval_window,real_method,512,0.2674145299145299,0.32206957629484856,0.0,0.0,0.0,0.24583333333333335,0.75,0.6875,1.0,0.625
4,retrieval_window,real_method,64,0.038461538461538464,0.03708791208791208,0.0,,,0.0,0.0,0.0,0.75,0.0
4,retrieval_window,real_method,None,0.2801596279537456,0.3629499370598442,0.0,0.0,0.0,0.24583333333333335,1.0,0.7291666666666666,1.0,0.625
4,sliding_window,real_method,1024,0.06650326797385621,0.09302929505135388,0.0,0.0,0.0,0.0,0.1875,0.0,0.0,0.0
4,sliding_window,real_method,128,0.025925925925925925,0.024884259259259262,0.0,,,0.0,0.0,0.0,0.0,0.0
4,sliding_window,real_method,2048,0.03727532679738563,0.03708763910969794,0.0,0.0,0.0,0.0,0.0625,0.0,0.0,0.0
4,sliding_window,real_method,256,0.030555555555555555,0.02951388888888889,0.0,0.0,0.0,0.0,0.0,0.0,0.0,0.0
4,sliding_window,real_method,4096,0.03137254901960784,0.03033088235294118,0.0,0.0,0.0,0.0,0.0,0.0,0.0,0.0
4,sliding_window,real_method,512,0.030555555555555555,0.02951388888888889,0.0,0.0,0.0,0.0,0.0,0.0,0.0,0.0
4,sliding_window,real_method,64,0.03137254901960784,0.03033088235294118,0.0,0.0,0.0,0.0,0.0,0.0,0.0,0.0
4,sliding_window,real_method,None,0.27347513597513595,0.3745284320942216,0.0,0.0,0.0,0.24583333333333335,1.0,0.9583333333333334,1.0,0.75
4,upper_bound_oracle,upper_bound_oracle,1024,0.280109126984127,0.38866704132981356,0.125,0.0,0.0,0.275,0.75,0.9583333333333334,1.0,0.75
4,upper_bound_oracle,upper_bound_oracle,128,0.280109126984127,0.38866704132981356,0.125,0.0,0.0,0.275,0.75,0.9583333333333334,1.0,0.75
4,upper_bound_oracle,upper_bound_oracle,2048,0.280109126984127,0.38866704132981356,0.125,0.0,0.0,0.275,0.75,0.9583333333333334,1.0,0.75
4,upper_bound_oracle,upper_bound_oracle,256,0.280109126984127,0.38866704132981356,0.125,0.0,0.0,0.275,0.75,0.9583333333333334,1.0,0.75
4,upper_bound_oracle,upper_bound_oracle,4096,0.280109126984127,0.38866704132981356,0.125,0.0,0.0,0.275,0.75,0.9583333333333334,1.0,0.75
4,upper_bound_oracle,upper_bound_oracle,512,0.280109126984127,0.38866704132981356,0.125,0.0,0.0,0.275,0.75,0.9583333333333334,1.0,0.75
4,upper_bound_oracle,upper_bound_oracle,64,0.280109126984127,0.38866704132981356,0.125,0.0,0.0,0.275,0.75,0.9583333333333334,1.0,0.75
4,upper_bound_oracle,upper_bound_oracle,None,0.280109126984127,0.38866704132981356,0.125,0.0,0.0,0.275,0.75,0.9583333333333334,1.0,0.75
