request_id,sample_id,condition,repetition,model,backend,task_type,transport,connection_mode,negotiated_http_version,completed,http_status,finish_reason,elapsed_seconds,input_tokens,output_tokens,token_f1,rouge_l,packets_total,bytes_total,packets_client_to_server,bytes_client_to_server,tcp_payload_bytes_client_to_server,packets_server_to_client,bytes_server_to_client,tcp_payload_bytes_server_to_client,tcp_retransmissions,udp_payload_bytes_client_to_server,udp_payload_bytes_server_to_client,quic_packets,tls_records,observed_tls_versions,observed_alpn,observed_tls_handshake_versions,observed_tls_supported_versions,workload,network_condition
conv-26::52::longllmlingua_2x,conv-26::52,longllmlingua_2x,1,Qwen/Qwen3.5-9B,local_vllm,qa,http3,warm,3,True,200,stop,2.734355,13993,19,0.0,0.14285714285714288,88,57630,62,50719,0,26,6911,0,0,48115,5819,88,0,,,,,qa,baseline_loopback
conv-26::52::longllmlingua_4x,conv-26::52,longllmlingua_4x,1,Qwen/Qwen3.5-9B,local_vllm,qa,http3,warm,3,True,200,stop,1.656755,7508,19,0.0,0.14285714285714288,66,33771,42,27011,0,24,6760,0,0,25247,5752,66,0,,,,,qa,baseline_loopback
conv-26::52::no_compression,conv-26::52,no_compression,1,Qwen/Qwen3.5-9B,local_vllm,qa,http3,warm,3,True,200,stop,6.421958,33258,25,0.2,0.2,159,124425,118,115010,0,41,9415,0,0,110054,7693,159,0,,,,,qa,baseline_loopback
conv-26::55::longllmlingua_2x,conv-26::55,longllmlingua_2x,1,Qwen/Qwen3.5-9B,local_vllm,qa,http3,warm,3,True,200,stop,2.338461,13565,4,0.0,0.25,54,51063,45,48851,0,9,2212,0,0,46961,1834,54,0,,,,,qa,baseline_loopback
conv-26::55::longllmlingua_4x,conv-26::55,longllmlingua_4x,1,Qwen/Qwen3.5-9B,local_vllm,qa,http3,warm,3,True,200,stop,1.942084,7783,28,0.19047619047619044,0.36363636363636365,93,45363,53,29868,0,40,15495,0,0,27642,13815,93,0,,,,,qa,baseline_loopback
conv-26::55::no_compression,conv-26::55,no_compression,1,Qwen/Qwen3.5-9B,local_vllm,qa,http3,warm,3,True,200,stop,6.046077,33262,4,0.0,0.25,117,116554,98,113583,0,19,2971,0,0,109467,2173,117,0,,,,,qa,baseline_loopback
conv-26::62::longllmlingua_2x,conv-26::62,longllmlingua_2x,1,Qwen/Qwen3.5-9B,local_vllm,qa,http3,warm,3,True,200,stop,2.498202,13347,14,0.28571428571428575,0.28571428571428575,76,54161,55,48760,0,21,5401,0,0,46450,4519,76,0,,,,,qa,baseline_loopback
conv-26::62::longllmlingua_4x,conv-26::62,longllmlingua_4x,1,Qwen/Qwen3.5-9B,local_vllm,qa,http3,warm,3,True,200,stop,1.5829,7779,14,0.28571428571428575,0.28571428571428575,56,33235,38,28046,0,18,5189,0,0,26450,4433,56,0,,,,,qa,baseline_loopback
conv-26::62::no_compression,conv-26::62,no_compression,1,Qwen/Qwen3.5-9B,local_vllm,qa,http3,warm,3,True,200,stop,6.096766,33262,11,0.0,0.36363636363636365,128,119060,105,114182,0,23,4878,0,0,109772,3912,128,0,,,,,qa,baseline_loopback
conv-26::66::longllmlingua_2x,conv-26::66,longllmlingua_2x,1,Qwen/Qwen3.5-9B,local_vllm,qa,http3,warm,3,True,200,stop,3.227168,13955,37,0.17647058823529413,0.16666666666666663,125,66432,82,54056,0,43,12376,0,0,50612,10570,125,0,,,,,qa,baseline_loopback
conv-26::66::longllmlingua_4x,conv-26::66,longllmlingua_4x,1,Qwen/Qwen3.5-9B,local_vllm,qa,http3,warm,3,True,200,stop,1.998681,7378,33,0.2941176470588235,0.2285714285714286,94,40805,57,29828,0,37,10977,0,0,27434,9423,94,0,,,,,qa,baseline_loopback
conv-26::66::no_compression,conv-26::66,no_compression,1,Qwen/Qwen3.5-9B,local_vllm,qa,http3,warm,3,True,200,stop,6.63687,33265,27,0.16,0.07407407407407408,163,125352,120,115290,0,43,10062,0,0,110250,8256,163,0,,,,,qa,baseline_loopback
conv-30::27::longllmlingua_2x,conv-30::27,longllmlingua_2x,1,Qwen/Qwen3.5-9B,local_vllm,qa,http3,warm,3,True,200,stop,2.23668,10872,19,0.0,0.36363636363636365,80,46486,52,39451,0,28,7035,0,0,37267,5859,80,0,,,,,qa,baseline_loopback
conv-30::27::longllmlingua_4x,conv-30::27,longllmlingua_4x,1,Qwen/Qwen3.5-9B,local_vllm,qa,http3,warm,3,True,200,stop,1.424402,5946,19,0.0,0.36363636363636365,59,27905,37,21322,0,22,6583,0,0,19768,5659,59,0,,,,,qa,baseline_loopback
conv-30::27::no_compression,conv-30::27,no_compression,1,Qwen/Qwen3.5-9B,local_vllm,qa,http3,warm,3,True,200,stop,4.822589,25419,17,0.0,0.4,115,92085,87,85506,0,28,6579,0,0,81852,5403,115,0,,,,,qa,baseline_loopback
conv-30::77::longllmlingua_2x,conv-30::77,longllmlingua_2x,1,Qwen/Qwen3.5-9B,local_vllm,qa,http3,warm,3,True,200,stop,2.091006,10873,13,0.18181818181818182,0.18181818181818182,64,44037,46,39066,0,18,4971,0,0,37134,4215,64,0,,,,,qa,baseline_loopback
conv-30::77::longllmlingua_4x,conv-30::77,longllmlingua_4x,1,Qwen/Qwen3.5-9B,local_vllm,qa,http3,warm,3,True,200,stop,1.272167,5814,13,0.18181818181818182,0.18181818181818182,50,26232,32,21248,0,18,4984,0,0,19904,4228,50,0,,,,,qa,baseline_loopback
conv-30::77::no_compression,conv-30::77,no_compression,1,Qwen/Qwen3.5-9B,local_vllm,qa,http3,warm,3,True,200,stop,4.748645,25419,14,0.0,0.19999999999999998,105,90795,83,85292,0,22,5503,0,0,81806,4579,105,0,,,,,qa,baseline_loopback
conv-41::53::longllmlingua_2x,conv-41::53,longllmlingua_2x,1,Qwen/Qwen3.5-9B,local_vllm,qa,http3,warm,3,True,200,stop,3.984406,21965,13,0.16666666666666669,0.33333333333333337,98,82173,76,76911,0,22,5262,0,0,73719,4338,98,0,,,,,qa,baseline_loopback
conv-41::53::longllmlingua_4x,conv-41::53,longllmlingua_4x,1,Qwen/Qwen3.5-9B,local_vllm,qa,http3,warm,3,True,200,stop,2.006302,10538,13,0.16666666666666669,0.33333333333333337,64,43635,46,38689,0,18,4946,0,0,36757,4190,64,0,,,,,qa,baseline_loopback
conv-41::53::no_compression,conv-41::53,no_compression,1,Qwen/Qwen3.5-9B,local_vllm,qa,http3,warm,3,True,200,stop,9.358412,48788,12,0.16666666666666669,0.16666666666666669,179,173397,149,167764,0,30,5633,0,0,161506,4373,179,0,,,,,qa,baseline_loopback
conv-42::67::longllmlingua_2x,conv-42::67,longllmlingua_2x,1,Qwen/Qwen3.5-9B,local_vllm,qa,http3,warm,3,True,200,stop,3.77324,21082,12,0.06451612903225805,0.0625,81,62668,60,57716,0,21,4952,0,0,55196,4070,81,0,,,,,qa,baseline_loopback
conv-42::67::longllmlingua_4x,conv-42::67,longllmlingua_4x,1,Qwen/Qwen3.5-9B,local_vllm,qa,http3,warm,3,True,200,stop,2.130914,11514,12,0.06451612903225805,0.0625,73,50575,47,39742,0,26,10833,0,0,37768,9741,73,0,,,,,qa,baseline_loopback
conv-42::67::no_compression,conv-42::67,no_compression,1,Qwen/Qwen3.5-9B,local_vllm,qa,http3,warm,3,True,200,stop,10.774872,55634,7,0.07407407407407407,0.07142857142857142,162,165575,139,161599,0,23,3976,0,0,155761,3010,162,0,,,,,qa,baseline_loopback
conv-44::98::longllmlingua_2x,conv-44::98,longllmlingua_2x,1,Qwen/Qwen3.5-9B,local_vllm,qa,http3,warm,3,True,200,stop,4.159435,23111,9,0.6666666666666666,0.8333333333333333,80,64953,60,60760,0,20,4193,0,0,58240,3353,80,0,,,,,qa,baseline_loopback
conv-44::98::longllmlingua_4x,conv-44::98,longllmlingua_4x,1,Qwen/Qwen3.5-9B,local_vllm,qa,http3,warm,3,True,200,stop,2.251381,10627,20,0.0,0.0,73,41730,49,34677,0,24,7053,0,0,32619,6045,73,0,,,,,qa,baseline_loopback
conv-44::98::no_compression,conv-44::98,no_compression,1,Qwen/Qwen3.5-9B,local_vllm,qa,http3,warm,3,True,200,stop,12.030177,59428,9,0.6666666666666666,0.8333333333333333,186,184600,155,179570,0,31,5030,0,0,173060,3728,186,0,,,,,qa,baseline_loopback
conv-47::150::longllmlingua_2x,conv-47::150,longllmlingua_2x,1,Qwen/Qwen3.5-9B,local_vllm,qa,http3,warm,3,True,200,stop,4.16829,21939,17,0.0,0.0,105,80884,78,74346,0,27,6538,0,0,71070,5404,105,0,,,,,qa,baseline_loopback
conv-47::150::longllmlingua_4x,conv-47::150,longllmlingua_4x,1,Qwen/Qwen3.5-9B,local_vllm,qa,http3,warm,3,True,200,stop,1.992984,10303,12,0.0,0.18181818181818182,62,41553,44,36849,0,18,4704,0,0,35001,3948,62,0,,,,,qa,baseline_loopback
conv-47::150::no_compression,conv-47::150,no_compression,1,Qwen/Qwen3.5-9B,local_vllm,qa,http3,warm,3,True,200,stop,9.256244,47193,12,0.0,0.18181818181818182,166,162540,139,157359,0,27,5181,0,0,151521,4047,166,0,,,,,qa,baseline_loopback
conv-48::175::longllmlingua_2x,conv-48::175,longllmlingua_2x,1,Qwen/Qwen3.5-9B,local_vllm,qa,http3,warm,3,True,200,stop,3.213688,16530,21,0.2105263157894737,0.2105263157894737,93,60523,65,52986,0,28,7537,0,0,50256,6361,93,0,,,,,qa,baseline_loopback
conv-48::175::longllmlingua_4x,conv-48::175,longllmlingua_4x,1,Qwen/Qwen3.5-9B,local_vllm,qa,http3,warm,3,True,200,stop,2.115649,10051,21,0.2105263157894737,0.2105263157894737,77,40753,50,33308,0,27,7445,0,0,31208,6311,77,0,,,,,qa,baseline_loopback
conv-48::175::no_compression,conv-48::175,no_compression,1,Qwen/Qwen3.5-9B,local_vllm,qa,http3,warm,3,True,200,stop,9.509675,48236,22,0.2,0.2,192,166803,150,157978,0,42,8825,0,0,151678,7061,192,0,,,,,qa,baseline_loopback
conv-49::105::longllmlingua_2x,conv-49::105,longllmlingua_2x,1,Qwen/Qwen3.5-9B,local_vllm,qa,http3,warm,3,True,200,stop,2.846997,15437,11,0.28571428571428575,0.42857142857142855,74,58325,56,53840,0,18,4485,0,0,51488,3729,74,0,,,,,qa,baseline_loopback
conv-49::105::longllmlingua_4x,conv-49::105,longllmlingua_4x,1,Qwen/Qwen3.5-9B,local_vllm,qa,http3,warm,3,True,200,stop,1.644289,8407,11,0.28571428571428575,0.42857142857142855,53,34903,37,30558,0,16,4345,0,0,29004,3673,53,0,,,,,qa,baseline_loopback
conv-49::105::no_compression,conv-49::105,no_compression,1,Qwen/Qwen3.5-9B,local_vllm,qa,http3,warm,3,True,200,stop,7.081007,37386,11,0.7692307692307692,0.923076923076923,139,129369,112,124199,0,27,5170,0,0,119495,4036,139,0,,,,,qa,baseline_loopback
conv-50::135::longllmlingua_2x,conv-50::135,longllmlingua_2x,1,Qwen/Qwen3.5-9B,local_vllm,qa,http3,warm,3,True,200,stop,3.653423,20869,7,0.6666666666666665,0.888888888888889,83,75518,67,72083,0,16,3435,0,0,69269,2763,83,0,,,,,qa,baseline_loopback
conv-50::135::longllmlingua_4x,conv-50::135,longllmlingua_4x,1,Qwen/Qwen3.5-9B,local_vllm,qa,http3,warm,3,True,200,stop,2.242476,9517,29,0.06451612903225806,0.06451612903225806,94,46087,59,36155,0,35,9932,0,0,33677,8462,94,0,,,,,qa,baseline_loopback
conv-50::135::no_compression,conv-50::135,no_compression,1,Qwen/Qwen3.5-9B,local_vllm,qa,http3,warm,3,True,200,stop,8.574049,45757,7,0.6666666666666665,0.888888888888889,167,158433,134,153727,0,33,4706,0,0,148099,3320,167,0,,,,,qa,baseline_loopback
conv-50::4::longllmlingua_2x,conv-50::4,longllmlingua_2x,1,Qwen/Qwen3.5-9B,local_vllm,qa,http3,warm,3,True,200,stop,3.851775,21347,12,0.0,0.16666666666666666,96,79015,74,73987,0,22,5028,0,0,70879,4104,96,0,,,,,qa,baseline_loopback
conv-50::4::longllmlingua_4x,conv-50::4,longllmlingua_4x,1,Qwen/Qwen3.5-9B,local_vllm,qa,http3,warm,3,True,200,stop,1.875827,9937,12,0.0,0.16666666666666666,61,40736,43,36012,0,18,4724,0,0,34206,3968,61,0,,,,,qa,baseline_loopback
conv-50::4::no_compression,conv-50::4,no_compression,1,Qwen/Qwen3.5-9B,local_vllm,qa,http3,warm,3,True,200,stop,8.707684,45753,12,0.0,0.16666666666666666,167,159549,138,153987,0,29,5562,0,0,148191,4344,167,0,,,,,qa,baseline_loopback
conv-50::55::longllmlingua_2x,conv-50::55,longllmlingua_2x,1,Qwen/Qwen3.5-9B,local_vllm,qa,http3,warm,3,True,200,stop,3.866375,21472,12,0.3448275862068966,0.45161290322580644,96,80108,73,75003,0,23,5105,0,0,71937,4139,96,0,,,,,qa,baseline_loopback
conv-50::55::longllmlingua_4x,conv-50::55,longllmlingua_4x,1,Qwen/Qwen3.5-9B,local_vllm,qa,http3,warm,3,True,200,stop,1.949322,10126,13,0.3333333333333333,0.43749999999999994,63,42507,45,37544,0,18,4963,0,0,35654,4207,63,0,,,,,qa,baseline_loopback
conv-50::55::no_compression,conv-50::55,no_compression,1,Qwen/Qwen3.5-9B,local_vllm,qa,http3,warm,3,True,200,stop,8.709399,45756,12,0.3448275862068966,0.45161290322580644,179,160470,139,154078,0,40,6392,0,0,148240,4712,179,0,,,,,qa,baseline_loopback
conv-50::85::longllmlingua_2x,conv-50::85,longllmlingua_2x,1,Qwen/Qwen3.5-9B,local_vllm,qa,http3,warm,3,True,200,stop,3.619585,20606,5,0.5,1.0,84,74200,65,71007,0,19,3193,0,0,68277,2395,84,0,,,,,qa,baseline_loopback
conv-50::85::longllmlingua_4x,conv-50::85,longllmlingua_4x,1,Qwen/Qwen3.5-9B,local_vllm,qa,http3,warm,3,True,200,stop,1.717147,9782,5,0.5,1.0,46,38030,36,35519,0,10,2511,0,0,34007,2091,46,0,,,,,qa,baseline_loopback
conv-50::85::no_compression,conv-50::85,no_compression,1,Qwen/Qwen3.5-9B,local_vllm,qa,http3,warm,3,True,200,stop,8.73955,45751,5,0.5,1.0,160,157430,131,153478,0,29,3952,0,0,147976,2734,160,0,,,,,qa,baseline_loopback
conv-26::52::longllmlingua_2x,conv-26::52,longllmlingua_2x,1,Qwen/Qwen3.5-9B,local_vllm,qa,tls13,warm,HTTP/1.1,True,200,stop,2.728641,13993,19,0.0,0.14285714285714288,64,58136,33,49002,46828,31,9134,7080,0,0,0,0,29,0x0301;0x0303,http/1.1,0x0303,0x0304,qa,baseline_loopback
conv-26::52::longllmlingua_4x,conv-26::52,longllmlingua_4x,1,Qwen/Qwen3.5-9B,local_vllm,qa,tls13,warm,HTTP/1.1,True,200,stop,1.662307,7508,19,0.0,0.14285714285714288,61,35665,31,26599,24557,30,9066,7078,0,0,0,0,28,0x0301;0x0303,http/1.1,0x0303,0x0304,qa,baseline_loopback
conv-26::52::no_compression,conv-26::52,no_compression,1,Qwen/Qwen3.5-9B,local_vllm,qa,tls13,warm,HTTP/1.1,True,200,stop,6.416684,33258,25,0.2,0.2,82,121149,42,109892,107124,40,11257,8609,0,0,0,0,38,0x0301;0x0303,http/1.1,0x0303,0x0304,qa,baseline_loopback
conv-26::55::longllmlingua_2x,conv-26::55,longllmlingua_2x,1,Qwen/Qwen3.5-9B,local_vllm,qa,tls13,warm,HTTP/1.1,True,200,stop,2.327027,13565,4,0.0,0.25,34,51640,18,47332,46148,16,4308,3244,0,0,0,0,14,0x0301;0x0303,http/1.1,0x0303,0x0304,qa,baseline_loopback
conv-26::55::longllmlingua_4x,conv-26::55,longllmlingua_4x,1,Qwen/Qwen3.5-9B,local_vllm,qa,tls13,warm,HTTP/1.1,True,200,stop,1.957713,7783,28,0.19047619047619044,0.36363636363636365,68,38701,34,28567,26323,34,10134,7890,0,0,0,0,33,0x0303,,,,qa,baseline_loopback
conv-26::55::no_compression,conv-26::55,no_compression,1,Qwen/Qwen3.5-9B,local_vllm,qa,tls13,warm,HTTP/1.1,True,200,stop,6.041939,33262,4,0.0,0.25,40,113027,21,108520,107138,19,4507,3245,0,0,0,0,17,0x0301;0x0303,http/1.1,0x0303,0x0304,qa,baseline_loopback
conv-26::62::longllmlingua_2x,conv-26::62,longllmlingua_2x,1,Qwen/Qwen3.5-9B,local_vllm,qa,tls13,warm,HTTP/1.1,True,200,stop,2.502108,13347,14,0.28571428571428575,0.28571428571428575,54,54750,28,47218,45374,26,7532,5808,0,0,0,0,24,0x0301;0x0303,http/1.1,0x0303,0x0304,qa,baseline_loopback
conv-26::62::longllmlingua_4x,conv-26::62,longllmlingua_4x,1,Qwen/Qwen3.5-9B,local_vllm,qa,tls13,warm,HTTP/1.1,True,200,stop,1.58212,7779,14,0.28571428571428575,0.28571428571428575,52,35101,27,27637,25859,25,7464,5806,0,0,0,0,23,0x0301;0x0303,http/1.1,0x0303,0x0304,qa,baseline_loopback
conv-26::62::no_compression,conv-26::62,no_compression,1,Qwen/Qwen3.5-9B,local_vllm,qa,tls13,warm,HTTP/1.1,True,200,stop,6.065925,33262,11,0.0,0.36363636363636365,54,115747,28,108987,107143,26,6760,5036,0,0,0,0,24,0x0301;0x0303,http/1.1,0x0303,0x0304,qa,baseline_loopback
conv-26::66::longllmlingua_2x,conv-26::66,longllmlingua_2x,1,Qwen/Qwen3.5-9B,local_vllm,qa,tls13,warm,HTTP/1.1,True,200,stop,3.219429,13955,37,0.17647058823529413,0.16666666666666663,100,67004,51,52045,48683,49,14959,11717,0,0,0,0,47,0x0301;0x0303,http/1.1,0x0303,0x0304,qa,baseline_loopback
conv-26::66::longllmlingua_4x,conv-26::66,longllmlingua_4x,1,Qwen/Qwen3.5-9B,local_vllm,qa,tls13,warm,HTTP/1.1,True,200,stop,2.001414,7378,33,0.2941176470588235,0.2285714285714286,90,42933,46,29325,26293,44,13608,10696,0,0,0,0,42,0x0301;0x0303,http/1.1,0x0303,0x0304,qa,baseline_loopback
conv-26::66::no_compression,conv-26::66,no_compression,1,Qwen/Qwen3.5-9B,local_vllm,qa,tls13,warm,HTTP/1.1,True,200,stop,6.652248,33265,27,0.16,0.07407407407407408,86,121985,44,110070,107170,42,11915,9135,0,0,0,0,40,0x0301;0x0303,http/1.1,0x0303,0x0304,qa,baseline_loopback
conv-30::27::longllmlingua_2x,conv-30::27,longllmlingua_2x,1,Qwen/Qwen3.5-9B,local_vllm,qa,tls13,warm,HTTP/1.1,True,200,stop,2.247563,10872,19,0.0,0.36363636363636365,64,47570,33,38463,36289,31,9107,7053,0,0,0,0,29,0x0301;0x0303,http/1.1,0x0303,0x0304,qa,baseline_loopback
conv-30::27::longllmlingua_4x,conv-30::27,longllmlingua_4x,1,Qwen/Qwen3.5-9B,local_vllm,qa,tls13,warm,HTTP/1.1,True,200,stop,1.427256,5946,19,0.0,0.36363636363636365,62,30379,32,21341,19233,30,9038,7050,0,0,0,0,28,0x0301;0x0303,http/1.1,0x0303,0x0304,qa,baseline_loopback
conv-30::27::no_compression,conv-30::27,no_compression,1,Qwen/Qwen3.5-9B,local_vllm,qa,tls13,warm,HTTP/1.1,True,200,stop,4.828589,25419,17,0.0,0.4,64,90598,33,82005,79831,31,8593,6539,0,0,0,0,29,0x0301;0x0303,http/1.1,0x0303,0x0304,qa,baseline_loopback
conv-30::77::longllmlingua_2x,conv-30::77,longllmlingua_2x,1,Qwen/Qwen3.5-9B,local_vllm,qa,tls13,warm,HTTP/1.1,True,200,stop,2.094264,10873,13,0.18181818181818182,0.18181818181818182,52,45348,27,38114,36336,25,7234,5576,0,0,0,0,23,0x0301;0x0303,http/1.1,0x0303,0x0304,qa,baseline_loopback
conv-30::77::longllmlingua_4x,conv-30::77,longllmlingua_4x,1,Qwen/Qwen3.5-9B,local_vllm,qa,tls13,warm,HTTP/1.1,True,200,stop,1.26281,5814,13,0.18181818181818182,0.18181818181818182,50,28381,26,21215,19503,24,7166,5574,0,0,0,0,22,0x0301;0x0303,http/1.1,0x0303,0x0304,qa,baseline_loopback
conv-30::77::no_compression,conv-30::77,no_compression,1,Qwen/Qwen3.5-9B,local_vllm,qa,tls13,warm,HTTP/1.1,True,200,stop,4.746789,25419,14,0.0,0.19999999999999998,58,89485,30,81815,79839,28,7670,5814,0,0,0,0,26,0x0301;0x0303,http/1.1,0x0303,0x0304,qa,baseline_loopback
conv-41::53::longllmlingua_2x,conv-41::53,longllmlingua_2x,1,Qwen/Qwen3.5-9B,local_vllm,qa,tls13,warm,HTTP/1.1,True,200,stop,3.992776,21965,13,0.16666666666666669,0.33333333333333337,56,81224,29,73884,71974,27,7340,5550,0,0,0,0,25,0x0301;0x0303,http/1.1,0x0303,0x0304,qa,baseline_loopback
conv-41::53::longllmlingua_4x,conv-41::53,longllmlingua_4x,1,Qwen/Qwen3.5-9B,local_vllm,qa,tls13,warm,HTTP/1.1,True,200,stop,2.008276,10538,13,0.16666666666666669,0.33333333333333337,52,44946,27,37737,35959,25,7209,5551,0,0,0,0,23,0x0301;0x0303,http/1.1,0x0303,0x0304,qa,baseline_loopback
conv-41::53::no_compression,conv-41::53,no_compression,1,Qwen/Qwen3.5-9B,local_vllm,qa,tls13,warm,HTTP/1.1,True,200,stop,9.363839,48788,12,0.16666666666666669,0.16666666666666669,59,166866,31,159711,157669,28,7155,5299,0,0,0,0,27,0x0301;0x0303,http/1.1,0x0303,0x0304,qa,baseline_loopback
conv-42::67::longllmlingua_2x,conv-42::67,longllmlingua_2x,1,Qwen/Qwen3.5-9B,local_vllm,qa,tls13,warm,HTTP/1.1,True,200,stop,3.787592,21082,12,0.06451612903225805,0.0625,52,62739,27,55777,53999,25,6962,5304,0,0,0,0,23,0x0301;0x0303,http/1.1,0x0303,0x0304,qa,baseline_loopback
conv-42::67::longllmlingua_4x,conv-42::67,longllmlingua_4x,1,Qwen/Qwen3.5-9B,local_vllm,qa,tls13,warm,HTTP/1.1,True,200,stop,2.438056,11514,12,0.06451612903225805,0.0625,38,42984,19,37882,36628,19,5102,3848,0,0,0,0,18,0x0303,,,,qa,baseline_loopback
conv-42::67::no_compression,conv-42::67,no_compression,1,Qwen/Qwen3.5-9B,local_vllm,qa,tls13,warm,HTTP/1.1,True,200,stop,10.7936,55634,7,0.07407407407407407,0.07142857142857142,49,159356,26,153807,152095,23,5549,4023,0,0,0,0,22,0x0301;0x0303,http/1.1,0x0303,0x0304,qa,baseline_loopback
conv-44::98::longllmlingua_2x,conv-44::98,longllmlingua_2x,1,Qwen/Qwen3.5-9B,local_vllm,qa,tls13,warm,HTTP/1.1,True,200,stop,4.174006,23111,9,0.6666666666666666,0.8333333333333333,46,64604,24,58606,57026,22,5998,4538,0,0,0,0,20,0x0301;0x0303,http/1.1,0x0303,0x0304,qa,baseline_loopback
conv-44::98::longllmlingua_4x,conv-44::98,longllmlingua_4x,1,Qwen/Qwen3.5-9B,local_vllm,qa,tls13,warm,HTTP/1.1,True,200,stop,2.250446,10627,20,0.0,0.0,64,43291,33,33862,31688,31,9429,7375,0,0,0,0,29,0x0301;0x0303,http/1.1,0x0303,0x0304,qa,baseline_loopback
conv-44::98::no_compression,conv-44::98,no_compression,1,Qwen/Qwen3.5-9B,local_vllm,qa,tls13,warm,HTTP/1.1,True,200,stop,12.014795,59428,9,0.6666666666666666,0.8333333333333333,53,177097,28,170900,169056,25,6197,4539,0,0,0,0,24,0x0301;0x0303,http/1.1,0x0303,0x0304,qa,baseline_loopback
conv-47::150::longllmlingua_2x,conv-47::150,longllmlingua_2x,1,Qwen/Qwen3.5-9B,local_vllm,qa,tls13,warm,HTTP/1.1,True,200,stop,4.173841,21939,17,0.0,0.0,64,80133,33,71504,69330,31,8629,6575,0,0,0,0,29,0x0301;0x0303,http/1.1,0x0303,0x0304,qa,baseline_loopback
conv-47::150::longllmlingua_4x,conv-47::150,longllmlingua_4x,1,Qwen/Qwen3.5-9B,local_vllm,qa,tls13,warm,HTTP/1.1,True,200,stop,2.001195,10303,12,0.0,0.18181818181818182,50,42853,26,35977,34265,24,6876,5284,0,0,0,0,22,0x0301;0x0303,http/1.1,0x0303,0x0304,qa,baseline_loopback
conv-47::150::no_compression,conv-47::150,no_compression,1,Qwen/Qwen3.5-9B,local_vllm,qa,tls13,warm,HTTP/1.1,True,200,stop,9.249053,47193,12,0.0,0.18181818181818182,57,156896,30,149823,147847,27,7073,5283,0,0,0,0,26,0x0301;0x0303,http/1.1,0x0303,0x0304,qa,baseline_loopback
conv-48::175::longllmlingua_2x,conv-48::175,longllmlingua_2x,1,Qwen/Qwen3.5-9B,local_vllm,qa,tls13,warm,HTTP/1.1,True,200,stop,3.226707,16530,21,0.2105263157894737,0.2105263157894737,68,60915,35,51143,48837,33,9772,7586,0,0,0,0,31,0x0301;0x0303,http/1.1,0x0303,0x0304,qa,baseline_loopback
conv-48::175::longllmlingua_4x,conv-48::175,longllmlingua_4x,1,Qwen/Qwen3.5-9B,local_vllm,qa,tls13,warm,HTTP/1.1,True,200,stop,2.112528,10051,21,0.2105263157894737,0.2105263157894737,65,42153,33,32447,30273,32,9706,7586,0,0,0,0,30,0x0301;0x0303,http/1.1,0x0303,0x0304,qa,baseline_loopback
conv-48::175::no_compression,conv-48::175,no_compression,1,Qwen/Qwen3.5-9B,local_vllm,qa,tls13,warm,HTTP/1.1,True,200,stop,9.479245,48236,22,0.2,0.2,77,160597,40,150304,147668,37,10293,7843,0,0,0,0,36,0x0301;0x0303,http/1.1,0x0303,0x0304,qa,baseline_loopback
conv-49::105::longllmlingua_2x,conv-49::105,longllmlingua_2x,1,Qwen/Qwen3.5-9B,local_vllm,qa,tls13,warm,HTTP/1.1,True,200,stop,2.850762,15437,11,0.28571428571428575,0.42857142857142855,50,58741,26,52112,50400,24,6629,5037,0,0,0,0,22,0x0301;0x0303,http/1.1,0x0303,0x0304,qa,baseline_loopback
conv-49::105::longllmlingua_4x,conv-49::105,longllmlingua_4x,1,Qwen/Qwen3.5-9B,local_vllm,qa,tls13,warm,HTTP/1.1,True,200,stop,1.657665,8407,11,0.28571428571428575,0.42857142857142855,46,36512,24,30019,28439,22,6493,5033,0,0,0,0,20,0x0301;0x0303,http/1.1,0x0303,0x0304,qa,baseline_loopback
conv-49::105::no_compression,conv-49::105,no_compression,1,Qwen/Qwen3.5-9B,local_vllm,qa,tls13,warm,HTTP/1.1,True,200,stop,7.069384,37386,11,0.7692307692307692,0.923076923076923,55,125434,29,118674,116764,26,6760,5036,0,0,0,0,25,0x0301;0x0303,http/1.1,0x0303,0x0304,qa,baseline_loopback
conv-50::135::longllmlingua_2x,conv-50::135,longllmlingua_2x,1,Qwen/Qwen3.5-9B,local_vllm,qa,tls13,warm,HTTP/1.1,True,200,stop,3.647083,20869,7,0.6666666666666665,0.888888888888889,44,74724,23,69316,67802,21,5408,4014,0,0,0,0,19,0x0301;0x0303,http/1.1,0x0303,0x0304,qa,baseline_loopback
conv-50::135::longllmlingua_4x,conv-50::135,longllmlingua_4x,1,Qwen/Qwen3.5-9B,local_vllm,qa,tls13,warm,HTTP/1.1,True,200,stop,2.241287,9517,29,0.06451612903225806,0.06451612903225806,81,47457,41,35146,32444,40,12311,9663,0,0,0,0,38,0x0301;0x0303,http/1.1,0x0303,0x0304,qa,baseline_loopback
conv-50::135::no_compression,conv-50::135,no_compression,1,Qwen/Qwen3.5-9B,local_vllm,qa,tls13,warm,HTTP/1.1,True,200,stop,8.567271,45757,7,0.6666666666666665,0.888888888888889,47,151814,25,146341,144695,22,5473,4013,0,0,0,0,21,0x0301;0x0303,http/1.1,0x0303,0x0304,qa,baseline_loopback
conv-50::4::longllmlingua_2x,conv-50::4,longllmlingua_2x,1,Qwen/Qwen3.5-9B,local_vllm,qa,tls13,warm,HTTP/1.1,True,200,stop,3.850775,21347,12,0.0,0.16666666666666666,54,78129,28,71102,69258,26,7027,5303,0,0,0,0,24,0x0301;0x0303,http/1.1,0x0303,0x0304,qa,baseline_loopback
conv-50::4::longllmlingua_4x,conv-50::4,longllmlingua_4x,1,Qwen/Qwen3.5-9B,local_vllm,qa,tls13,warm,HTTP/1.1,True,200,stop,1.878877,9937,12,0.0,0.16666666666666666,50,42105,26,35212,33500,24,6893,5301,0,0,0,0,22,0x0301;0x0303,http/1.1,0x0303,0x0304,qa,baseline_loopback
conv-50::4::no_compression,conv-50::4,no_compression,1,Qwen/Qwen3.5-9B,local_vllm,qa,tls13,warm,HTTP/1.1,True,200,stop,8.721697,45753,12,0.0,0.16666666666666666,57,153740,30,146650,144674,27,7090,5300,0,0,0,0,26,0x0301;0x0303,http/1.1,0x0303,0x0304,qa,baseline_loopback
conv-50::55::longllmlingua_2x,conv-50::55,longllmlingua_2x,1,Qwen/Qwen3.5-9B,local_vllm,qa,tls13,warm,HTTP/1.1,True,200,stop,3.860646,21472,12,0.3448275862068966,0.45161290322580644,54,79220,28,72189,70345,26,7031,5307,0,0,0,0,24,0x0301;0x0303,http/1.1,0x0303,0x0304,qa,baseline_loopback
conv-50::55::longllmlingua_4x,conv-50::55,longllmlingua_4x,1,Qwen/Qwen3.5-9B,local_vllm,qa,tls13,warm,HTTP/1.1,True,200,stop,1.946852,10126,13,0.3333333333333333,0.43749999999999994,52,43891,27,36665,34887,25,7226,5568,0,0,0,0,23,0x0301;0x0303,http/1.1,0x0303,0x0304,qa,baseline_loopback
conv-50::55::no_compression,conv-50::55,no_compression,1,Qwen/Qwen3.5-9B,local_vllm,qa,tls13,warm,HTTP/1.1,True,200,stop,8.709503,45756,12,0.3448275862068966,0.45161290322580644,57,153765,30,146669,144693,27,7096,5306,0,0,0,0,26,0x0301;0x0303,http/1.1,0x0303,0x0304,qa,baseline_loopback
conv-50::85::longllmlingua_2x,conv-50::85,longllmlingua_2x,1,Qwen/Qwen3.5-9B,local_vllm,qa,tls13,warm,HTTP/1.1,True,200,stop,3.641485,20606,5,0.5,1.0,40,73073,21,68310,66928,19,4763,3501,0,0,0,0,17,0x0301;0x0303,http/1.1,0x0303,0x0304,qa,baseline_loopback
conv-50::85::longllmlingua_4x,conv-50::85,longllmlingua_4x,1,Qwen/Qwen3.5-9B,local_vllm,qa,tls13,warm,HTTP/1.1,True,200,stop,1.721757,9782,5,0.5,1.0,36,39390,19,34761,33511,17,4629,3499,0,0,0,0,15,0x0301;0x0303,http/1.1,0x0303,0x0304,qa,baseline_loopback
conv-50::85::no_compression,conv-50::85,no_compression,1,Qwen/Qwen3.5-9B,local_vllm,qa,tls13,warm,HTTP/1.1,True,200,stop,8.735116,45751,5,0.5,1.0,43,150999,23,146171,144657,20,4828,3500,0,0,0,0,19,0x0301;0x0303,http/1.1,0x0303,0x0304,qa,baseline_loopback
conv-26::event_summary::Caroline::longllmlingua_2x,conv-26::event_summary::Caroline,longllmlingua_2x,1,Qwen/Qwen3.5-9B,local_vllm,event_summary,http3,warm,3,True,200,stop,21.351838,13330,786,0.24890190336749635,0.18263473053892212,1631,353624,829,106390,0,802,247234,0,0,71572,213550,1631,0,,,,,summary,baseline_loopback
conv-26::event_summary::Caroline::longllmlingua_4x,conv-26::event_summary::Caroline,longllmlingua_4x,1,Qwen/Qwen3.5-9B,local_vllm,event_summary,http3,warm,3,True,200,stop,23.904841,7845,939,0.18565400843881857,0.14825581395348839,1915,390142,964,97013,0,951,293129,0,0,56525,253187,1915,0,,,,,summary,baseline_loopback
conv-26::event_summary::Caroline::no_compression,conv-26::event_summary::Caroline,no_compression,1,Qwen/Qwen3.5-9B,local_vllm,event_summary,http3,warm,3,True,200,stop,22.393837,33270,657,0.24590163934426226,0.18363939899833057,1435,369893,752,161235,0,683,208658,0,0,129651,179972,1435,0,,,,,summary,baseline_loopback
conv-26::event_summary::Melanie::longllmlingua_2x,conv-26::event_summary::Melanie,longllmlingua_2x,1,Qwen/Qwen3.5-9B,local_vllm,event_summary,http3,warm,3,True,200,stop,18.502172,12784,673,0.24858757062146894,0.19961612284069097,1404,306836,713,95604,0,691,211232,0,0,65658,182210,1404,0,,,,,summary,baseline_loopback
conv-26::event_summary::Melanie::longllmlingua_4x,conv-26::event_summary::Melanie,longllmlingua_4x,1,Qwen/Qwen3.5-9B,local_vllm,event_summary,http3,warm,3,True,200,stop,19.154764,7591,744,0.25546218487394956,0.18493150684931509,1524,314476,768,80594,0,756,233882,0,0,48338,202130,1524,0,,,,,summary,baseline_loopback
conv-26::event_summary::Melanie::no_compression,conv-26::event_summary::Melanie,no_compression,1,Qwen/Qwen3.5-9B,local_vllm,event_summary,http3,warm,3,True,200,stop,19.862654,33270,556,0.2443991853360489,0.18067226890756302,1222,325171,650,153891,0,572,171280,0,0,126591,147256,1222,0,,,,,summary,baseline_loopback
conv-30::event_summary::Gina::longllmlingua_2x,conv-30::event_summary::Gina,longllmlingua_2x,1,Qwen/Qwen3.5-9B,local_vllm,event_summary,http3,warm,3,True,200,stop,13.211436,10319,473,0.392434988179669,0.2560386473429952,991,220853,505,71019,0,486,149834,0,0,49809,129422,991,0,,,,,summary,baseline_loopback
conv-30::event_summary::Gina::longllmlingua_4x,conv-30::event_summary::Gina,longllmlingua_4x,1,Qwen/Qwen3.5-9B,local_vllm,event_summary,http3,warm,3,True,200,stop,7.458626,5851,271,0.4651162790697674,0.2972972972972973,571,128103,290,40062,0,281,88041,0,0,27882,76239,571,0,,,,,summary,baseline_loopback
conv-30::event_summary::Gina::no_compression,conv-30::event_summary::Gina,no_compression,1,Qwen/Qwen3.5-9B,local_vllm,event_summary,http3,warm,3,True,200,stop,11.720305,25425,299,0.46794871794871795,0.3660130718954248,690,204810,368,105949,0,322,98861,0,0,90493,85337,690,0,,,,,summary,baseline_loopback
conv-30::event_summary::Jon::longllmlingua_2x,conv-30::event_summary::Jon,longllmlingua_2x,1,Qwen/Qwen3.5-9B,local_vllm,event_summary,http3,warm,3,True,200,stop,20.298144,10192,764,0.3036496350364963,0.17964071856287425,1572,330209,795,91597,0,777,238612,0,0,58207,205978,1572,0,,,,,summary,baseline_loopback
conv-30::event_summary::Jon::longllmlingua_4x,conv-30::event_summary::Jon,longllmlingua_4x,1,Qwen/Qwen3.5-9B,local_vllm,event_summary,http3,warm,3,True,200,stop,25.585454,5879,1024,0.24110218140068884,0.15492957746478875,2078,413853,1043,94798,0,1035,319055,0,0,50992,275585,2078,0,,,,,summary,baseline_loopback
conv-30::event_summary::Jon::no_compression,conv-30::event_summary::Jon,no_compression,1,Qwen/Qwen3.5-9B,local_vllm,event_summary,http3,warm,3,True,200,stop,22.06154,25425,709,0.36645962732919257,0.29936305732484075,1506,359531,778,135870,0,728,223661,0,0,103194,193085,1506,0,,,,,summary,baseline_loopback
conv-42::event_summary::Nate::longllmlingua_2x,conv-42::event_summary::Nate,longllmlingua_2x,1,Qwen/Qwen3.5-9B,local_vllm,event_summary,http3,warm,3,True,200,length,29.093471,22573,1024,0.23575638506876226,0.15228426395939088,2108,445480,1068,126691,0,1040,318789,0,0,81835,275109,2108,0,,,,,summary,baseline_loopback
conv-42::event_summary::Nate::longllmlingua_4x,conv-42::event_summary::Nate,longllmlingua_4x,1,Qwen/Qwen3.5-9B,local_vllm,event_summary,http3,warm,3,True,200,stop,10.668952,11982,359,0.21978021978021978,0.1291208791208791,757,170697,385,54171,0,372,116526,0,0,38001,100902,757,0,,,,,summary,baseline_loopback
conv-42::event_summary::Nate::no_compression,conv-42::event_summary::Nate,no_compression,1,Qwen/Qwen3.5-9B,local_vllm,event_summary,http3,warm,3,True,200,stop,33.832886,55642,881,0.490566037735849,0.35116044399596363,1922,501594,1014,225194,0,908,276400,0,0,182606,238264,1922,0,,,,,summary,baseline_loopback
conv-43::event_summary::John::longllmlingua_2x,conv-43::event_summary::John,longllmlingua_2x,1,Qwen/Qwen3.5-9B,local_vllm,event_summary,http3,warm,3,True,200,stop,28.247144,23509,975,0.40063846767757383,0.21468926553672313,2037,457956,1042,153065,0,995,304891,0,0,109301,263101,2037,0,,,,,summary,baseline_loopback
conv-43::event_summary::John::longllmlingua_4x,conv-43::event_summary::John,longllmlingua_4x,1,Qwen/Qwen3.5-9B,local_vllm,event_summary,http3,warm,3,True,200,length,26.710135,10542,1024,0.3802163833075734,0.19375,2098,434648,1060,115131,0,1038,319517,0,0,70611,275921,2098,0,,,,,summary,baseline_loopback
conv-43::event_summary::John::no_compression,conv-43::event_summary::John,no_compression,1,Qwen/Qwen3.5-9B,local_vllm,event_summary,http3,warm,3,True,200,length,36.530702,50839,1024,0.4749216300940439,0.30597609561752986,2216,565992,1164,245559,0,1052,320433,0,0,196671,276249,2216,0,,,,,summary,baseline_loopback
conv-44::event_summary::Audrey::longllmlingua_2x,conv-44::event_summary::Audrey,longllmlingua_2x,1,Qwen/Qwen3.5-9B,local_vllm,event_summary,http3,warm,3,True,200,length,29.005086,21632,1024,0.3946037099494098,0.2189655172413793,2118,456060,1075,136429,0,1043,319631,0,0,91279,275825,2118,0,,,,,summary,baseline_loopback
conv-44::event_summary::Audrey::longllmlingua_4x,conv-44::event_summary::Audrey,longllmlingua_4x,1,Qwen/Qwen3.5-9B,local_vllm,event_summary,http3,warm,3,True,200,stop,22.38441,12886,829,0.3443085606773283,0.20342205323193915,1698,353328,864,99713,0,834,253615,0,0,63425,218587,1698,0,,,,,summary,baseline_loopback
conv-44::event_summary::Audrey::no_compression,conv-44::event_summary::Audrey,no_compression,1,Qwen/Qwen3.5-9B,local_vllm,event_summary,http3,warm,3,True,200,stop,29.999808,59433,687,0.40570175438596495,0.3462819089900111,1547,446104,833,228984,0,714,217120,0,0,193998,187132,1547,0,,,,,summary,baseline_loopback
conv-49::event_summary::Evan::longllmlingua_2x,conv-49::event_summary::Evan,longllmlingua_2x,1,Qwen/Qwen3.5-9B,local_vllm,event_summary,http3,warm,3,True,200,stop,21.137386,15079,761,0.3881453154875717,0.21144519883608148,1584,347734,806,108151,0,778,239583,0,0,74299,206907,1584,0,,,,,summary,baseline_loopback
conv-49::event_summary::Evan::longllmlingua_4x,conv-49::event_summary::Evan,longllmlingua_4x,1,Qwen/Qwen3.5-9B,local_vllm,event_summary,http3,warm,3,True,200,stop,15.491537,8055,587,0.3847826086956522,0.22002200220022003,1204,251750,613,71714,0,591,180036,0,0,45968,155214,1204,0,,,,,summary,baseline_loopback
conv-49::event_summary::Evan::no_compression,conv-49::event_summary::Evan,no_compression,1,Qwen/Qwen3.5-9B,local_vllm,event_summary,http3,warm,3,True,200,stop,25.710769,37383,742,0.4510204081632653,0.33094994892747703,1615,411773,844,177508,0,771,234265,0,0,142060,201883,1615,0,,,,,summary,baseline_loopback
conv-26::event_summary::Caroline::longllmlingua_2x,conv-26::event_summary::Caroline,longllmlingua_2x,1,Qwen/Qwen3.5-9B,local_vllm,event_summary,tls13,warm,HTTP/1.1,True,200,stop,21.350398,13330,786,0.24890190336749635,0.18263473053892212,1600,355280,801,99588,46726,799,255692,202950,0,0,0,0,796,0x0301;0x0303,http/1.1,0x0303,0x0304,summary,baseline_loopback
conv-26::event_summary::Caroline::longllmlingua_4x,conv-26::event_summary::Caroline,longllmlingua_4x,1,Qwen/Qwen3.5-9B,local_vllm,event_summary,tls13,warm,HTTP/1.1,True,200,stop,23.871081,7845,939,0.18565400843881857,0.14825581395348839,1903,394539,952,90266,27438,951,304273,241499,0,0,0,0,948,0x0301;0x0303,http/1.1,0x0303,0x0304,summary,baseline_loopback
conv-26::event_summary::Caroline::no_compression,conv-26::event_summary::Caroline,no_compression,1,Qwen/Qwen3.5-9B,local_vllm,event_summary,tls13,warm,HTTP/1.1,True,200,stop,22.373826,33270,657,0.24590163934426226,0.18363939899833057,1347,366188,674,151675,107195,673,214513,170087,0,0,0,0,670,0x0301;0x0303,http/1.1,0x0303,0x0304,summary,baseline_loopback
conv-26::event_summary::Melanie::longllmlingua_2x,conv-26::event_summary::Melanie,longllmlingua_2x,1,Qwen/Qwen3.5-9B,local_vllm,event_summary,tls13,warm,HTTP/1.1,True,200,stop,18.491229,12784,673,0.24858757062146894,0.19961612284069097,1373,308735,687,89651,44313,686,219084,173800,0,0,0,0,683,0x0301;0x0303,http/1.1,0x0303,0x0304,summary,baseline_loopback
conv-26::event_summary::Melanie::longllmlingua_4x,conv-26::event_summary::Melanie,longllmlingua_4x,1,Qwen/Qwen3.5-9B,local_vllm,event_summary,tls13,warm,HTTP/1.1,True,200,stop,19.120771,7591,744,0.25546218487394956,0.18493150684931509,1502,314692,751,74581,25015,751,240111,190545,0,0,0,0,749,0x0303,,,,summary,baseline_loopback
conv-26::event_summary::Melanie::no_compression,conv-26::event_summary::Melanie,no_compression,1,Qwen/Qwen3.5-9B,local_vllm,event_summary,tls13,warm,HTTP/1.1,True,200,stop,19.873614,33270,556,0.2443991853360489,0.18067226890756302,1146,326854,574,145074,107194,572,181780,144020,0,0,0,0,569,0x0301;0x0303,http/1.1,0x0303,0x0304,summary,baseline_loopback
conv-30::event_summary::Gina::longllmlingua_2x,conv-30::event_summary::Gina,longllmlingua_2x,1,Qwen/Qwen3.5-9B,local_vllm,event_summary,tls13,warm,HTTP/1.1,True,200,stop,13.177277,10319,473,0.392434988179669,0.2560386473429952,976,222103,489,67181,34911,487,154922,122772,0,0,0,0,483,0x0301;0x0303,http/1.1,0x0303,0x0304,summary,baseline_loopback
conv-30::event_summary::Gina::longllmlingua_4x,conv-30::event_summary::Gina,longllmlingua_4x,1,Qwen/Qwen3.5-9B,local_vllm,event_summary,tls13,warm,HTTP/1.1,True,200,stop,7.455097,5851,271,0.4651162790697674,0.2972972972972973,570,128564,286,38511,19639,284,90053,71301,0,0,0,0,280,0x0301;0x0303,http/1.1,0x0303,0x0304,summary,baseline_loopback
conv-30::event_summary::Gina::no_compression,conv-30::event_summary::Gina,no_compression,1,Qwen/Qwen3.5-9B,local_vllm,event_summary,tls13,warm,HTTP/1.1,True,200,stop,11.726064,25425,299,0.46794871794871795,0.3660130718954248,632,200005,317,100786,79868,315,99219,78421,0,0,0,0,311,0x0301;0x0303,http/1.1,0x0303,0x0304,summary,baseline_loopback
conv-30::event_summary::Jon::longllmlingua_2x,conv-30::event_summary::Jon,longllmlingua_2x,1,Qwen/Qwen3.5-9B,local_vllm,event_summary,tls13,warm,HTTP/1.1,True,200,stop,20.266957,10192,764,0.3036496350364963,0.17964071856287425,1555,333957,778,85667,34323,777,248290,197000,0,0,0,0,774,0x0301;0x0303,http/1.1,0x0303,0x0304,summary,baseline_loopback
conv-30::event_summary::Jon::longllmlingua_4x,conv-30::event_summary::Jon,longllmlingua_4x,1,Qwen/Qwen3.5-9B,local_vllm,event_summary,tls13,warm,HTTP/1.1,True,200,stop,25.631526,5879,1024,0.24110218140068884,0.15492957746478875,2074,419546,1038,87905,19401,1036,331641,263257,0,0,0,0,1033,0x0301;0x0303,http/1.1,0x0303,0x0304,summary,baseline_loopback
conv-30::event_summary::Jon::no_compression,conv-30::event_summary::Jon,no_compression,1,Qwen/Qwen3.5-9B,local_vllm,event_summary,tls13,warm,HTTP/1.1,True,200,stop,22.066066,25425,709,0.36645962732919257,0.29936305732484075,1450,358591,726,127779,79867,724,230812,183020,0,0,0,0,721,0x0301;0x0303,http/1.1,0x0303,0x0304,summary,baseline_loopback
conv-42::event_summary::Nate::longllmlingua_2x,conv-42::event_summary::Nate,longllmlingua_2x,1,Qwen/Qwen3.5-9B,local_vllm,event_summary,tls13,warm,HTTP/1.1,True,200,length,29.090085,22573,1024,0.23575638506876226,0.15228426395939088,2076,449164,1039,118101,49531,1037,331063,262613,0,0,0,0,1034,0x0301;0x0303,http/1.1,0x0303,0x0304,summary,baseline_loopback
conv-42::event_summary::Nate::longllmlingua_4x,conv-42::event_summary::Nate,longllmlingua_4x,1,Qwen/Qwen3.5-9B,local_vllm,event_summary,tls13,warm,HTTP/1.1,True,200,stop,10.674862,11982,359,0.21978021978021978,0.1291208791208791,746,169874,374,51484,26804,372,118390,93830,0,0,0,0,368,0x0301;0x0303,http/1.1,0x0303,0x0304,summary,baseline_loopback
conv-42::event_summary::Nate::no_compression,conv-42::event_summary::Nate,no_compression,1,Qwen/Qwen3.5-9B,local_vllm,event_summary,tls13,warm,HTTP/1.1,True,200,stop,33.785241,55642,881,0.490566037735849,0.35116044399596363,1796,497206,899,211460,152130,897,285746,226536,0,0,0,0,896,0x0301;0x0303,http/1.1,0x0303,0x0304,summary,baseline_loopback
conv-43::event_summary::John::longllmlingua_2x,conv-43::event_summary::John,longllmlingua_2x,1,Qwen/Qwen3.5-9B,local_vllm,event_summary,tls13,warm,HTTP/1.1,True,200,stop,28.241424,23509,975,0.40063846767757383,0.21468926553672313,1982,459484,992,143261,77793,990,316223,250875,0,0,0,0,987,0x0301;0x0303,http/1.1,0x0303,0x0304,summary,baseline_loopback
conv-43::event_summary::John::longllmlingua_4x,conv-43::event_summary::John,longllmlingua_4x,1,Qwen/Qwen3.5-9B,local_vllm,event_summary,tls13,warm,HTTP/1.1,True,200,length,26.702696,10542,1024,0.3802163833075734,0.19375,2076,439079,1039,107140,38570,1037,331939,263489,0,0,0,0,1034,0x0301;0x0303,http/1.1,0x0303,0x0304,summary,baseline_loopback
conv-43::event_summary::John::no_compression,conv-43::event_summary::John,no_compression,1,Qwen/Qwen3.5-9B,local_vllm,event_summary,tls13,warm,HTTP/1.1,True,200,length,36.525829,50839,1024,0.4749216300940439,0.30597609561752986,2083,562358,1043,230363,161529,1040,331995,263347,0,0,0,0,1039,0x0301;0x0303,http/1.1,0x0303,0x0304,summary,baseline_loopback
conv-44::event_summary::Audrey::longllmlingua_2x,conv-44::event_summary::Audrey,longllmlingua_2x,1,Qwen/Qwen3.5-9B,local_vllm,event_summary,tls13,warm,HTTP/1.1,True,200,length,28.996227,21632,1024,0.3946037099494098,0.2189655172413793,2078,459157,1040,127408,58772,1038,331749,263233,0,0,0,0,1035,0x0301;0x0303,http/1.1,0x0303,0x0304,summary,baseline_loopback
conv-44::event_summary::Audrey::longllmlingua_4x,conv-44::event_summary::Audrey,longllmlingua_4x,1,Qwen/Qwen3.5-9B,local_vllm,event_summary,tls13,warm,HTTP/1.1,True,200,stop,22.388515,12886,829,0.3443085606773283,0.20342205323193915,1686,362174,844,93067,37367,842,269107,213527,0,0,0,0,839,0x0301;0x0303,http/1.1,0x0303,0x0304,summary,baseline_loopback
conv-44::event_summary::Audrey::no_compression,conv-44::event_summary::Audrey,no_compression,1,Qwen/Qwen3.5-9B,local_vllm,event_summary,tls13,warm,HTTP/1.1,True,200,stop,29.99178,59433,687,0.40570175438596495,0.3462819089900111,1409,439055,706,215682,169090,703,223373,176967,0,0,0,0,702,0x0301;0x0303,http/1.1,0x0303,0x0304,summary,baseline_loopback
conv-49::event_summary::Evan::longllmlingua_2x,conv-49::event_summary::Evan,longllmlingua_2x,1,Qwen/Qwen3.5-9B,local_vllm,event_summary,tls13,warm,HTTP/1.1,True,200,stop,21.11431,15079,761,0.3881453154875717,0.21144519883608148,1540,346443,770,100590,49770,770,245853,195033,0,0,0,0,768,0x0303,,,,summary,baseline_loopback
conv-49::event_summary::Evan::longllmlingua_4x,conv-49::event_summary::Evan,longllmlingua_4x,1,Qwen/Qwen3.5-9B,local_vllm,event_summary,tls13,warm,HTTP/1.1,True,200,stop,15.483531,8055,587,0.3847826086956522,0.22002200220022003,1200,258985,601,67320,27658,599,191665,152123,0,0,0,0,596,0x0301;0x0303,http/1.1,0x0303,0x0304,summary,baseline_loopback
conv-49::event_summary::Evan::no_compression,conv-49::event_summary::Evan,no_compression,1,Qwen/Qwen3.5-9B,local_vllm,event_summary,tls13,warm,HTTP/1.1,True,200,stop,25.705792,37383,742,0.4510204081632653,0.33094994892747703,1519,408269,761,167024,116802,758,241245,191209,0,0,0,0,756,0x0301;0x0303,http/1.1,0x0303,0x0304,summary,baseline_loopback
