workload,workload_code,transport,transport_code,condition,condition_code,metric,n,median,q1,q3,ci_low,ci_high
qa,0,tls13,0,no_compression,0,elapsed_seconds,16,8.638387,6.32899425,9.2777495,6.416684,9.249053
qa,0,tls13,0,no_compression,0,input_tokens,16,45752.0,33262.0,47453.75,33262.0,47193.0
qa,0,tls13,0,no_compression,0,output_tokens,16,12.0,8.5,14.75,9.0,14.0
qa,0,tls13,0,no_compression,0,packets_total,16,57.0,52.0,60.25,53.0,59.0
qa,0,tls13,0,no_compression,0,bytes_total,16,151406.5,119798.5,157511.0,118866.0,156896.0
qa,0,tls13,0,no_compression,0,bytes_client_to_server,16,146256.0,109665.75,149943.25,109892.0,149823.0
qa,0,tls13,0,no_compression,0,bytes_server_to_client,16,7081.5,6035.0,7900.75,6197.0,7841.5
qa,0,tls13,0,longllmlingua_2x,1,elapsed_seconds,16,3.4340960000000003,2.67200775,3.8532427499999997,2.728641,3.850775
qa,0,tls13,0,longllmlingua_2x,1,input_tokens,16,18568.0,13857.5,21378.25,13779.0,21347.0
qa,0,tls13,0,longllmlingua_2x,1,output_tokens,16,12.5,10.5,17.5,10.5,17.0
qa,0,tls13,0,longllmlingua_2x,1,packets_total,16,54.0,49.0,64.0,49.0,64.0
qa,0,tls13,0,longllmlingua_2x,1,bytes_total,16,63671.5,57289.5,75575.25,58136.0,74724.0
qa,0,tls13,0,longllmlingua_2x,1,bytes_client_to_server,16,53944.5,48584.5,69762.5,49002.0,69706.0
qa,0,tls13,0,longllmlingua_2x,1,bytes_server_to_client,16,7132.5,6471.25,8748.5,6511.6875,8629.0
qa,0,tls13,0,longllmlingua_4x,2,elapsed_seconds,16,1.9522825,1.6611464999999999,2.034339,1.662307,2.008276
qa,0,tls13,0,longllmlingua_4x,2,input_tokens,16,9649.5,7711.25,10170.25,7779.0,10126.0
qa,0,tls13,0,longllmlingua_4x,2,output_tokens,16,13.5,12.0,20.25,12.0,20.0
qa,0,tls13,0,longllmlingua_4x,2,packets_total,16,52.0,50.0,64.25,50.0,64.0
qa,0,tls13,0,longllmlingua_4x,2,bytes_total,16,42129.0,36300.25,43060.75,36512.0,42984.0
qa,0,tls13,0,longllmlingua_4x,2,bytes_client_to_server,16,33154.5,28334.5,35403.25,28567.0,35213.287500000006
qa,0,tls13,0,longllmlingua_4x,2,bytes_server_to_client,16,7345.0,6888.75,9498.25,6893.0,9429.0
qa,0,http3,1,no_compression,0,elapsed_seconds,16,8.640866500000001,6.34066,9.281786,6.421958,9.256244
qa,0,http3,1,no_compression,0,input_tokens,16,45752.0,33262.0,47453.75,33262.0,47193.0
qa,0,http3,1,no_compression,0,output_tokens,16,12.0,8.5,14.75,9.0,14.5
qa,0,http3,1,no_compression,0,packets_total,16,162.5,136.25,170.0,139.0,173.0
qa,0,http3,1,no_compression,0,bytes_total,16,157931.5,123083.75,163298.75,124214.5,162540.0
qa,0,http3,1,no_compression,0,bytes_client_to_server,16,153602.5,114803.0,157513.75,114736.0,157359.0
qa,0,http3,1,no_compression,0,bytes_server_to_client,16,5342.0,4835.0,6438.75,4878.0,6392.0
qa,0,http3,1,longllmlingua_2x,1,elapsed_seconds,16,3.4233765,2.6753167499999995,3.855425,2.734355,3.851775
qa,0,http3,1,longllmlingua_2x,1,input_tokens,16,18568.0,13857.5,21378.25,13955.0,21347.0
qa,0,http3,1,longllmlingua_2x,1,output_tokens,16,12.5,10.5,17.5,10.5,17.0
qa,0,http3,1,longllmlingua_2x,1,packets_total,16,83.5,79.0,96.0,78.5,96.0
qa,0,http3,1,longllmlingua_2x,1,bytes_total,16,63810.5,56762.75,76392.25,56243.0,75518.0
qa,0,http3,1,longllmlingua_2x,1,bytes_client_to_server,16,55886.0,50252.0,72559.0,50719.0,72083.0
qa,0,http3,1,longllmlingua_2x,1,bytes_server_to_client,16,5066.5,4412.0,6631.25,4485.0,6538.0
qa,0,http3,1,longllmlingua_4x,2,elapsed_seconds,16,1.945703,1.6536384999999998,2.0336387499999997,1.656755,2.057165
qa,0,http3,1,longllmlingua_4x,2,input_tokens,16,9649.5,7711.25,10170.25,7779.0,10126.0
qa,0,http3,1,longllmlingua_4x,2,output_tokens,16,13.5,12.0,20.25,12.0,20.0
qa,0,http3,1,longllmlingua_4x,2,packets_total,16,63.5,58.25,74.0,58.987500000000004,73.0
qa,0,http3,1,longllmlingua_4x,2,bytes_total,16,40779.0,34620.0,42789.0,34903.0,42507.0
qa,0,http3,1,longllmlingua_4x,2,bytes_client_to_server,16,33992.5,29382.5,36328.5,28957.0,36155.0
qa,0,http3,1,longllmlingua_4x,2,bytes_server_to_client,16,5886.0,4890.5,8066.75,4854.0,8492.5
summary,1,tls13,0,no_compression,0,elapsed_seconds,8,24.039808999999998,21.517953,30.940145249999997,19.873614,33.785241
summary,1,tls13,0,no_compression,0,input_tokens,8,35326.5,31308.75,52039.75,29249.437500000033,55642.0
summary,1,tls13,0,no_compression,0,output_tokens,8,698.0,631.75,776.75,556.0,881.0
summary,1,tls13,0,no_compression,0,packets_total,8,1429.5,1296.75,1588.25,1146.0,1796.0
summary,1,tls13,0,no_compression,0,bytes_total,8,387228.5,350656.75,453592.75,326854.0,497206.0
summary,1,tls13,0,no_compression,0,bytes_client_to_server,8,159349.5,140750.25,212515.5,127779.0,215682.0
summary,1,tls13,0,no_compression,0,bytes_server_to_client,8,227092.5,206329.75,252370.25,181780.0,285746.0
summary,1,tls13,0,longllmlingua_2x,1,elapsed_seconds,8,21.232354,19.823025,28.43012475,18.491229,28.996227
summary,1,tls13,0,longllmlingua_2x,1,input_tokens,8,14204.5,12167.75,21867.25,10319.0,22573.0
summary,1,tls13,0,longllmlingua_2x,1,output_tokens,8,775.0,739.0,987.25,673.0,1024.0
summary,1,tls13,0,longllmlingua_2x,1,packets_total,8,1577.5,1498.25,2005.5,1373.0,2076.0
summary,1,tls13,0,longllmlingua_2x,1,bytes_total,8,350861.5,327651.5,451662.25,308735.0,459157.0
summary,1,tls13,0,longllmlingua_2x,1,bytes_client_to_server,8,100089.0,88655.0,120427.75,85667.0,127408.0
summary,1,tls13,0,longllmlingua_2x,1,bytes_server_to_client,8,251991.0,239160.75,319933.0,219084.0,331063.0
summary,1,tls13,0,longllmlingua_4x,2,elapsed_seconds,8,20.754643,14.281363749999999,24.311192249999998,10.674862,25.631526
summary,1,tls13,0,longllmlingua_4x,2,input_tokens,8,7950.0,7163.0,10902.0,5879.0,11982.0
summary,1,tls13,0,longllmlingua_4x,2,output_tokens,8,786.5,530.0,960.25,359.0,981.5
summary,1,tls13,0,longllmlingua_4x,2,packets_total,8,1594.0,1086.5,1945.75,885.0,1989.5
summary,1,tls13,0,longllmlingua_4x,2,bytes_total,8,338433.0,236707.25,400790.75,169874.0,419546.0
summary,1,tls13,0,longllmlingua_4x,2,bytes_client_to_server,8,81243.0,63361.0,90966.25,51484.0,93067.0
summary,1,tls13,0,longllmlingua_4x,2,bytes_server_to_client,8,254609.0,173346.25,311115.0,118390.0,318106.0
summary,1,http3,1,no_compression,0,elapsed_seconds,8,24.052303000000002,21.511818499999997,30.9580775,19.862654,33.832886
summary,1,http3,1,no_compression,0,input_tokens,8,35326.5,31308.75,52039.75,25425.0,55642.0
summary,1,http3,1,no_compression,0,output_tokens,8,698.0,631.75,776.75,556.0,881.0
summary,1,http3,1,no_compression,0,packets_total,8,1526.5,1381.75,1691.75,1222.0,1922.0
summary,1,http3,1,no_compression,0,bytes_total,8,390833.0,350941.0,459976.5,325171.0,501594.0
summary,1,http3,1,no_compression,0,bytes_client_to_server,8,169371.5,149385.75,226141.5,135870.0,228984.0
summary,1,http3,1,no_compression,0,bytes_server_to_client,8,220390.5,199313.5,244798.75,171280.0,276400.0
summary,1,http3,1,longllmlingua_2x,1,elapsed_seconds,8,21.244612,19.849151,28.436629500000002,18.502172,29.005086
summary,1,http3,1,longllmlingua_2x,1,input_tokens,8,14204.5,12167.75,21867.25,10319.0,22573.0
summary,1,http3,1,longllmlingua_2x,1,output_tokens,8,775.0,739.0,987.25,673.0,999.5
summary,1,http3,1,longllmlingua_2x,1,packets_total,8,1607.5,1530.0,2054.75,1404.0,2108.0
summary,1,http3,1,longllmlingua_2x,1,bytes_total,8,350679.0,324365.75,448125.0,306836.0,456060.0
summary,1,http3,1,longllmlingua_2x,1,bytes_client_to_server,8,107270.5,94602.25,129125.5,91597.0,136429.0
summary,1,http3,1,longllmlingua_2x,1,bytes_server_to_client,8,243408.5,231767.0,308365.5,211232.0,318789.0
summary,1,http3,1,longllmlingua_4x,2,elapsed_seconds,8,20.769587,14.28589075,24.32499425,11.4750815,25.585454
summary,1,http3,1,longllmlingua_4x,2,input_tokens,8,7950.0,7163.0,10902.0,5879.0,11714.0
summary,1,http3,1,longllmlingua_4x,2,output_tokens,8,786.5,530.0,960.25,359.0,1024.0
summary,1,http3,1,longllmlingua_4x,2,packets_total,8,1611.0,1092.25,1955.75,757.0,2078.0
summary,1,http3,1,longllmlingua_4x,2,bytes_total,8,333902.0,231486.75,396069.75,170697.0,413853.0
summary,1,http3,1,longllmlingua_4x,2,bytes_client_to_server,8,87696.0,67328.25,97688.0,54171.0,99713.0
summary,1,http3,1,longllmlingua_4x,2,bytes_server_to_client,8,243748.5,164158.5,299610.5,116526.0,319055.0
