workload,transport,sample_id,condition,elapsed_seconds_ratio,input_tokens_ratio,output_tokens_ratio,packets_total_ratio,bytes_total_ratio,bytes_client_to_server_ratio,bytes_server_to_client_ratio
qa,tls13,conv-26::52,longllmlingua_2x,0.42524160454215915,0.42074087437609,0.76,0.7804878048780488,0.47987189328842994,0.4459105303388782,0.8114062361197477
qa,tls13,conv-26::52,longllmlingua_4x,0.25906013137003475,0.22575019544169825,0.76,0.7439024390243902,0.2943895533599122,0.2420467367961271,0.8053655503242427
qa,tls13,conv-26::55,longllmlingua_2x,0.385145728879421,0.40782274066502316,1.0,0.85,0.4568819839507374,0.43615923332104684,0.9558464610605725
qa,tls13,conv-26::55,longllmlingua_4x,0.3240206496623021,0.23399074018399374,7.0,1.7,0.3424049121006485,0.2632417987467748,2.248502329709341
qa,tls13,conv-26::62,longllmlingua_2x,0.41248581213912144,0.40126871505020745,1.2727272727272727,1.0,0.47301441938019995,0.43324433189279454,1.1142011834319527
qa,tls13,conv-26::62,longllmlingua_4x,0.2608208970602175,0.23387048283326317,1.2727272727272727,0.9629629629629629,0.3032562399025461,0.2535807022855937,1.1041420118343195
qa,tls13,conv-26::66,longllmlingua_2x,0.4839610609826933,0.41950999549075607,1.3703703703703705,1.1627906976744187,0.549280649260155,0.4728354683383302,1.2554762903902643
qa,tls13,conv-26::66,longllmlingua_4x,0.3008628060769833,0.22179467909213887,1.2222222222222223,1.0465116279069768,0.3519531089888101,0.2664213682202235,1.142089802769618
qa,tls13,conv-30::27,longllmlingua_2x,0.4654699333490591,0.42771155434910896,1.1176470588235294,1.0,0.5250667785160821,0.4690323760746296,1.0598161294076573
qa,tls13,conv-30::27,longllmlingua_4x,0.29558448648249,0.23391950902867933,1.1176470588235294,0.96875,0.33531645290183004,0.2602402292543138,1.0517863377167462
qa,tls13,conv-30::77,longllmlingua_2x,0.44119593266100515,0.4277508949998033,0.9285714285714286,0.896551724137931,0.506766497178298,0.4658558943958932,0.943155149934811
qa,tls13,conv-30::77,longllmlingua_4x,0.26603457621562704,0.22872654313702348,0.9285714285714286,0.8620689655172413,0.31715930044141477,0.259304528509442,0.9342894393741852
qa,tls13,conv-41::53,longllmlingua_2x,0.4264037431655969,0.45021316717225546,1.0833333333333333,0.9491525423728814,0.4867618328479139,0.4626105903788718,1.0258560447239693
qa,tls13,conv-41::53,longllmlingua_4x,0.21447143634144072,0.2159957366565549,1.0833333333333333,0.8813559322033898,0.2693538527920607,0.23628303623419802,1.0075471698113208
qa,tls13,conv-42::67,longllmlingua_2x,0.35091091016898907,0.3789409353992163,1.7142857142857142,1.0612244897959184,0.3937034062099952,0.36264279259071436,1.2546404757613985
qa,tls13,conv-42::67,longllmlingua_4x,0.2258797806107323,0.20695977280080527,1.7142857142857142,0.7755102040816326,0.26973568613670024,0.2462956822511329,0.9194449450351415
qa,tls13,conv-44::98,longllmlingua_2x,0.3474055112883741,0.3888907585649862,1.0,0.8679245283018868,0.36479443468833467,0.3429256875365711,0.9678876875907697
qa,tls13,conv-44::98,longllmlingua_4x,0.18730623368938049,0.17882143097529785,2.2222222222222223,1.2075471698113207,0.24444795789877863,0.1981392627267408,1.5215426819428757
qa,tls13,conv-47::150,longllmlingua_2x,0.4512722545756847,0.46487826584451086,1.4166666666666667,1.1228070175438596,0.5107395982051806,0.4772564959986117,1.2199915170366182
qa,tls13,conv-47::150,longllmlingua_4x,0.21636755676500072,0.21831627571885662,1.0,0.8771929824561403,0.27312997144605344,0.24013002009037332,0.9721476035628446
qa,tls13,conv-48::175,longllmlingua_2x,0.340397046389243,0.3426901069740443,0.9545454545454546,0.8831168831168831,0.37930347391296226,0.34026373216946987,0.9493830758768095
qa,tls13,conv-48::175,longllmlingua_4x,0.22285825506145268,0.20837134090720624,0.9545454545454546,0.8441558441558441,0.26247688312982187,0.21587582499467745,0.9429709511318372
qa,tls13,conv-49::105,longllmlingua_2x,0.4032546541537424,0.4129085754025571,1.0,0.9090909090909091,0.46830205526412294,0.43911893085258774,0.980621301775148
qa,tls13,conv-49::105,longllmlingua_4x,0.23448506970338573,0.22487027229444176,1.0,0.8363636363636363,0.2910853516590398,0.2529534691676357,0.9605029585798817
qa,tls13,conv-50::135,longllmlingua_2x,0.42569950221021374,0.4560832222392202,1.0,0.9361702127659575,0.4922075697893475,0.4736608332593053,0.9881235154394299
qa,tls13,conv-50::135,longllmlingua_4x,0.26161037744691396,0.20799003431169003,4.142857142857143,1.7234042553191489,0.3125996284927609,0.24016509385613055,2.2494061757719717
qa,tls13,conv-50::4,longllmlingua_2x,0.44151671400646,0.4665704981094136,1.0,0.9473684210526315,0.5081891505138546,0.4848414592567337,0.991114245416079
qa,tls13,conv-50::4,longllmlingua_4x,0.21542562187152337,0.2171879439599589,1.0,0.8771929824561403,0.2738714713152075,0.240109103307194,0.9722143864598025
qa,tls13,conv-50::55,longllmlingua_2x,0.4432682324123432,0.4692717894920885,1.0,0.9473684210526315,0.5152017689331122,0.4921898969789117,0.9908399098083427
qa,tls13,conv-50::55,longllmlingua_4x,0.2235319282856898,0.2213043098172917,1.0833333333333333,0.9122807017543859,0.28544207069229016,0.24998465933496514,1.0183201803833146
qa,tls13,conv-50::85,longllmlingua_2x,0.41687883709844265,0.45039452689558696,1.0,0.9302325581395349,0.48393035715468313,0.4673293608171252,0.9865368682684341
qa,tls13,conv-50::85,longllmlingua_4x,0.19710751408452962,0.2138095342178313,1.0,0.8372093023255814,0.26086265471956765,0.23781050960860908,0.9587821043910522
qa,http3,conv-26::52,longllmlingua_2x,0.42578213684985167,0.42074087437609,0.76,0.5534591194968553,0.463170584689572,0.44099643509260067,0.7340414232607542
qa,http3,conv-26::52,longllmlingua_4x,0.25798284573022745,0.22575019544169825,0.76,0.41509433962264153,0.271416515973478,0.23485783844883054,0.7180031864046734
qa,http3,conv-26::55,longllmlingua_2x,0.3867732746374219,0.40782274066502316,1.0,0.46153846153846156,0.4381059423100022,0.4300907706258859,0.7445304611242006
qa,http3,conv-26::55,longllmlingua_4x,0.32121390448715753,0.23399074018399374,7.0,0.7948717948717948,0.3892015718036275,0.2629618869020892,5.215415684954561
qa,http3,conv-26::62,longllmlingua_2x,0.4097585506808036,0.40126871505020745,1.2727272727272727,0.59375,0.4549050898706535,0.4270375365644322,1.1072160721607216
qa,http3,conv-26::62,longllmlingua_4x,0.2596294494491014,0.23387048283326317,1.2727272727272727,0.4375,0.279144968923232,0.24562540505508748,1.0637556375563755
qa,http3,conv-26::66,longllmlingua_2x,0.48624848761539696,0.41950999549075607,1.3703703703703705,0.7668711656441718,0.5299636224392111,0.4688698065747246,1.2299741602067182
qa,http3,conv-26::66,longllmlingua_4x,0.3011481315740703,0.22179467909213887,1.2222222222222223,0.5766871165644172,0.3255233263131023,0.2587214849509932,1.0909361955873584
qa,http3,conv-30::27,longllmlingua_2x,0.46379237376438254,0.42771155434910896,1.1176470588235294,0.6956521739130435,0.5048162024216756,0.4613828269361214,1.069311445508436
qa,http3,conv-30::27,longllmlingua_4x,0.2953604381381038,0.23391950902867933,1.1176470588235294,0.5130434782608696,0.3030352391811913,0.2493626178279887,1.000607995136039
qa,http3,conv-30::77,longllmlingua_2x,0.44033740151137857,0.4277508949998033,0.9285714285714286,0.6095238095238096,0.4850156946968445,0.458026544107302,0.9033254588406324
qa,http3,conv-30::77,longllmlingua_4x,0.2679010538795804,0.22872654313702348,0.9285714285714286,0.47619047619047616,0.2889145878076987,0.249120667823477,0.9056878066509176
qa,http3,conv-41::53,longllmlingua_2x,0.4257566347794904,0.45021316717225546,1.0833333333333333,0.547486033519553,0.4739009325420855,0.4584475811258673,0.9341381146813421
qa,http3,conv-41::53,longllmlingua_4x,0.21438487640851886,0.2159957366565549,1.0833333333333333,0.3575418994413408,0.2516479523867195,0.23061562671371688,0.8780401207172022
qa,http3,conv-42::67,longllmlingua_2x,0.350188846790941,0.3789409353992163,1.7142857142857142,0.5,0.3784870904423977,0.3571556754682888,1.2454728370221329
qa,http3,conv-42::67,longllmlingua_4x,0.1977669897145878,0.20695977280080527,1.7142857142857142,0.4506172839506173,0.3054507020987468,0.2459297396642306,2.7245975855130786
qa,http3,conv-44::98,longllmlingua_2x,0.34575010824861513,0.3888907585649862,1.0,0.43010752688172044,0.3518580715059588,0.33836386924319206,0.8335984095427436
qa,http3,conv-44::98,longllmlingua_4x,0.18714446179802674,0.17882143097529785,2.2222222222222223,0.3924731182795699,0.22605633802816902,0.19311132149022664,1.4021868787276341
qa,http3,conv-47::150,longllmlingua_2x,0.4503219664477297,0.46487826584451086,1.4166666666666667,0.6325301204819277,0.49762519995078136,0.47246106037786206,1.2619185485427524
qa,http3,conv-47::150,longllmlingua_4x,0.21531238804854322,0.21831627571885662,1.0,0.37349397590361444,0.2556478405315615,0.23417154404895812,0.9079328314997105
qa,http3,conv-48::175,longllmlingua_2x,0.3379387833969089,0.3426901069740443,0.9545454545454546,0.484375,0.36284119590175234,0.33540113180316244,0.8540509915014164
qa,http3,conv-48::175,longllmlingua_4x,0.2224733232208251,0.20837134090720624,0.9545454545454546,0.4010416666666667,0.2443181477551363,0.21083948397878186,0.8436260623229461
qa,http3,conv-49::105,longllmlingua_2x,0.4020610345392965,0.4129085754025571,1.0,0.5323741007194245,0.45084216466077653,0.43349785425003423,0.867504835589942
qa,http3,conv-49::105,longllmlingua_4x,0.232211181262778,0.22487027229444176,1.0,0.381294964028777,0.26979415470475926,0.24604062834644402,0.8404255319148937
qa,http3,conv-50::135,longllmlingua_2x,0.4261024167228342,0.4560832222392202,1.0,0.49700598802395207,0.47665574722437876,0.46890266511413087,0.7299192520186996
qa,http3,conv-50::135,longllmlingua_4x,0.2615422421775289,0.20799003431169003,4.142857142857143,0.562874251497006,0.29089268018657727,0.23518965438732298,2.110497237569061
qa,http3,conv-50::4,longllmlingua_2x,0.4423420739659363,0.4665704981094136,1.0,0.5748502994011976,0.49523970692389174,0.4804756245657101,0.9039913700107874
qa,http3,conv-50::4,longllmlingua_4x,0.21542203414823044,0.2171879439599589,1.0,0.3652694610778443,0.25531968235463715,0.2338638976017456,0.8493347716648687
qa,http3,conv-50::55,longllmlingua_2x,0.4439313206341793,0.4692717894920885,1.0,0.5363128491620112,0.4992085748114912,0.48678591362816237,0.7986545682102628
qa,http3,conv-50::55,longllmlingua_4x,0.22381819916621115,0.2213043098172917,1.0833333333333333,0.35195530726256985,0.2648906337633202,0.24366879113176443,0.7764392991239049
qa,http3,conv-50::85,longllmlingua_2x,0.41416148428694843,0.45039452689558696,1.0,0.525,0.4713205869275233,0.46265262773817745,0.8079453441295547
qa,http3,conv-50::85,longllmlingua_4x,0.19648002471523135,0.2138095342178313,1.0,0.2875,0.24156768087403926,0.2314273055421624,0.6353744939271255
summary,tls13,conv-26::event_summary::Caroline,longllmlingua_2x,0.9542578010573604,0.40066125638713557,1.1963470319634704,1.1878247958426131,0.9702120222399423,0.6565880995549696,1.191965055730888
summary,tls13,conv-26::event_summary::Caroline,longllmlingua_4x,1.066919935821437,0.2357980162308386,1.4292237442922375,1.412769116555308,1.0774219799665745,0.5951277402340531,1.4184361786931328
summary,tls13,conv-26::event_summary::Melanie,longllmlingua_2x,0.9304411869929646,0.38425007514277126,1.210431654676259,1.1980802792321117,0.9445654634791069,0.6179673821635855,1.2052150951699856
summary,tls13,conv-26::event_summary::Melanie,longllmlingua_4x,0.9621184652172474,0.22816351067027352,1.3381294964028776,1.3106457242582896,0.9627907261346045,0.5140893612914789,1.3208878864561557
summary,tls13,conv-30::event_summary::Gina,longllmlingua_2x,1.1237596008345172,0.4058603736479843,1.5819397993311037,1.5443037974683544,1.1104872378190545,0.6665707538745461,1.5614146484040354
summary,tls13,conv-30::event_summary::Gina,longllmlingua_4x,0.6357714745544627,0.23012782694198625,0.9063545150501672,0.9018987341772152,0.6428039299017525,0.3821066417954875,0.9076185004888176
summary,tls13,conv-30::event_summary::Jon,longllmlingua_2x,0.918467161296445,0.40086529006882987,1.077574047954866,1.0724137931034483,0.9313033511716691,0.6704309784862927,1.0757239658250004
summary,tls13,conv-30::event_summary::Jon,longllmlingua_4x,1.1615811354864978,0.2312291052114061,1.4442877291960508,1.430344827586207,1.1699847458525172,0.6879455935638876,1.4368447047813806
summary,tls13,conv-42::event_summary::Nate,longllmlingua_2x,0.8610293767032771,0.4056827576291291,1.1623155505107832,1.1559020044543429,0.9033760654537556,0.5585027901257921,1.1585918962995108
summary,tls13,conv-42::event_summary::Nate,longllmlingua_4x,0.3159622866091143,0.21534092951367673,0.40749148694665155,0.4153674832962138,0.34165718032364856,0.24346921403575145,0.4143190105898245
summary,tls13,conv-43::event_summary::John,longllmlingua_2x,0.7731905003442905,0.4624205826235764,0.9521484375,0.9515122419587134,0.8170667083957195,0.6218924045962242,0.9524932604406693
summary,tls13,conv-43::event_summary::John,longllmlingua_4x,0.7310633798345822,0.20736049096166329,1.0,0.9966394623139703,0.7807819929653352,0.4650920503726727,0.9998313227608849
summary,tls13,conv-44::event_summary::Audrey,longllmlingua_2x,0.9668058047905127,0.3639728770211835,1.490538573508006,1.4748048261178142,1.0457846966780928,0.5907215252084087,1.4851794979697637
summary,tls13,conv-44::event_summary::Audrey,longllmlingua_4x,0.7464883711470277,0.21681557383944947,1.2066957787481805,1.1965933286018453,0.824894375419936,0.4315010061108484,1.2047427397223478
summary,tls13,conv-49::event_summary::Evan,longllmlingua_2x,0.8213833676083585,0.4033651659845384,1.0256064690026954,1.0138248847926268,0.8485655290996867,0.6022487786186417,1.0191009140085805
summary,tls13,conv-49::event_summary::Evan,longllmlingua_4x,0.6023362750309347,0.2154722734932991,0.7911051212938005,0.7899934167215273,0.6343489219117787,0.40305584826132773,0.794482787208025
summary,http3,conv-26::event_summary::Caroline,longllmlingua_2x,0.9534693853491922,0.40066125638713557,1.1963470319634704,1.1365853658536584,0.9560170103246074,0.6598443266040251,1.1848766881691573
summary,http3,conv-26::event_summary::Caroline,longllmlingua_4x,1.0674741001285308,0.2357980162308386,1.4292237442922375,1.3344947735191637,1.0547428580697662,0.6016869786336714,1.4048299130634818
summary,http3,conv-26::event_summary::Melanie,longllmlingua_2x,0.9315055279118291,0.38425007514277126,1.210431654676259,1.148936170212766,0.9436142829465112,0.6212449071095776,1.2332554880896778
summary,http3,conv-26::event_summary::Melanie,longllmlingua_4x,0.9643607546101343,0.22816351067027352,1.3381294964028776,1.2471358428805237,0.9671096130958787,0.5237083390191759,1.3654950957496497
summary,http3,conv-30::event_summary::Gina,longllmlingua_2x,1.1272262965852853,0.4058603736479843,1.5819397993311037,1.436231884057971,1.0783311361749914,0.6703130751588028,1.5156027149229727
summary,http3,conv-30::event_summary::Gina,longllmlingua_4x,0.6363849746231006,0.23012782694198625,0.9063545150501672,0.827536231884058,0.6254723890435038,0.37812532444855546,0.8905534032631675
summary,http3,conv-30::event_summary::Jon,longllmlingua_2x,0.9200692245418951,0.40086529006882987,1.077574047954866,1.043824701195219,0.9184437503302914,0.6741517627143593,1.0668467010341545
summary,http3,conv-30::event_summary::Jon,longllmlingua_4x,1.1597310976477615,0.2312291052114061,1.4442877291960508,1.3798140770252325,1.1510912828101054,0.6977110473246486,1.4265115509632882
summary,http3,conv-42::event_summary::Nate,longllmlingua_2x,0.8599169163399185,0.4056827576291291,1.1623155505107832,1.096774193548387,0.8881286458769443,0.5625860369281597,1.1533610709117221
summary,http3,conv-42::event_summary::Nate,longllmlingua_4x,0.3153426521166418,0.21534092951367673,0.40749148694665155,0.3938605619146722,0.3403090946063948,0.24055259021110686,0.42158465991316935
summary,http3,conv-43::event_summary::John,longllmlingua_2x,0.7732439414933773,0.4624205826235764,0.9521484375,0.9192238267148014,0.8091209769749396,0.623332885375816,0.9514968807831903
summary,http3,conv-43::event_summary::John,longllmlingua_4x,0.73116949682489,0.20736049096166329,1.0,0.9467509025270758,0.7679401829001117,0.46885269935127605,0.9971413680863083
summary,http3,conv-44::event_summary::Audrey,longllmlingua_2x,0.9668423877912817,0.3639728770211835,1.490538573508006,1.3691014867485456,1.0223176658357693,0.5958014533766551,1.4721398305084745
summary,http3,conv-44::event_summary::Audrey,longllmlingua_4x,0.7461517753713623,0.21681557383944947,1.2066957787481805,1.0976082740788624,0.7920305578968133,0.4354583726373895,1.1680867722918202
summary,http3,conv-49::event_summary::Evan,longllmlingua_2x,0.8221218898586814,0.4033651659845384,1.0256064690026954,0.9808049535603716,0.8444798469059409,0.6092739482164184,1.0227007875696328
summary,http3,conv-49::event_summary::Evan,longllmlingua_4x,0.602531063928893,0.2154722734932991,0.7911051212938005,0.7455108359133127,0.6113805421919358,0.40400432656556323,0.7685142893731458
