workload,transport,condition,ratio,ecdf
qa,tls13,longllmlingua_2x,0.36479443468833467,0.0625
qa,tls13,longllmlingua_2x,0.37930347391296226,0.125
qa,tls13,longllmlingua_2x,0.3937034062099952,0.1875
qa,tls13,longllmlingua_2x,0.4568819839507374,0.25
qa,tls13,longllmlingua_2x,0.46830205526412294,0.3125
qa,tls13,longllmlingua_2x,0.47301441938019995,0.375
qa,tls13,longllmlingua_2x,0.47987189328842994,0.4375
qa,tls13,longllmlingua_2x,0.48393035715468313,0.5
qa,tls13,longllmlingua_2x,0.4867618328479139,0.5625
qa,tls13,longllmlingua_2x,0.4922075697893475,0.625
qa,tls13,longllmlingua_2x,0.506766497178298,0.6875
qa,tls13,longllmlingua_2x,0.5081891505138546,0.75
qa,tls13,longllmlingua_2x,0.5107395982051806,0.8125
qa,tls13,longllmlingua_2x,0.5152017689331122,0.875
qa,tls13,longllmlingua_2x,0.5250667785160821,0.9375
qa,tls13,longllmlingua_2x,0.549280649260155,1.0
qa,tls13,longllmlingua_4x,0.24444795789877863,0.0625
qa,tls13,longllmlingua_4x,0.26086265471956765,0.125
qa,tls13,longllmlingua_4x,0.26247688312982187,0.1875
qa,tls13,longllmlingua_4x,0.2693538527920607,0.25
qa,tls13,longllmlingua_4x,0.26973568613670024,0.3125
qa,tls13,longllmlingua_4x,0.27312997144605344,0.375
qa,tls13,longllmlingua_4x,0.2738714713152075,0.4375
qa,tls13,longllmlingua_4x,0.28544207069229016,0.5
qa,tls13,longllmlingua_4x,0.2910853516590398,0.5625
qa,tls13,longllmlingua_4x,0.2943895533599122,0.625
qa,tls13,longllmlingua_4x,0.3032562399025461,0.6875
qa,tls13,longllmlingua_4x,0.3125996284927609,0.75
qa,tls13,longllmlingua_4x,0.31715930044141477,0.8125
qa,tls13,longllmlingua_4x,0.33531645290183004,0.875
qa,tls13,longllmlingua_4x,0.3424049121006485,0.9375
qa,tls13,longllmlingua_4x,0.3519531089888101,1.0
qa,http3,longllmlingua_2x,0.3518580715059588,0.0625
qa,http3,longllmlingua_2x,0.36284119590175234,0.125
qa,http3,longllmlingua_2x,0.3784870904423977,0.1875
qa,http3,longllmlingua_2x,0.4381059423100022,0.25
qa,http3,longllmlingua_2x,0.45084216466077653,0.3125
qa,http3,longllmlingua_2x,0.4549050898706535,0.375
qa,http3,longllmlingua_2x,0.463170584689572,0.4375
qa,http3,longllmlingua_2x,0.4713205869275233,0.5
qa,http3,longllmlingua_2x,0.4739009325420855,0.5625
qa,http3,longllmlingua_2x,0.47665574722437876,0.625
qa,http3,longllmlingua_2x,0.4850156946968445,0.6875
qa,http3,longllmlingua_2x,0.49523970692389174,0.75
qa,http3,longllmlingua_2x,0.49762519995078136,0.8125
qa,http3,longllmlingua_2x,0.4992085748114912,0.875
qa,http3,longllmlingua_2x,0.5048162024216756,0.9375
qa,http3,longllmlingua_2x,0.5299636224392111,1.0
qa,http3,longllmlingua_4x,0.22605633802816902,0.0625
qa,http3,longllmlingua_4x,0.24156768087403926,0.125
qa,http3,longllmlingua_4x,0.2443181477551363,0.1875
qa,http3,longllmlingua_4x,0.2516479523867195,0.25
qa,http3,longllmlingua_4x,0.25531968235463715,0.3125
qa,http3,longllmlingua_4x,0.2556478405315615,0.375
qa,http3,longllmlingua_4x,0.2648906337633202,0.4375
qa,http3,longllmlingua_4x,0.26979415470475926,0.5
qa,http3,longllmlingua_4x,0.271416515973478,0.5625
qa,http3,longllmlingua_4x,0.279144968923232,0.625
qa,http3,longllmlingua_4x,0.2889145878076987,0.6875
qa,http3,longllmlingua_4x,0.29089268018657727,0.75
qa,http3,longllmlingua_4x,0.3030352391811913,0.8125
qa,http3,longllmlingua_4x,0.3054507020987468,0.875
qa,http3,longllmlingua_4x,0.3255233263131023,0.9375
qa,http3,longllmlingua_4x,0.3892015718036275,1.0
summary,tls13,longllmlingua_2x,0.8170667083957195,0.125
summary,tls13,longllmlingua_2x,0.8485655290996867,0.25
summary,tls13,longllmlingua_2x,0.9033760654537556,0.375
summary,tls13,longllmlingua_2x,0.9313033511716691,0.5
summary,tls13,longllmlingua_2x,0.9445654634791069,0.625
summary,tls13,longllmlingua_2x,0.9702120222399423,0.75
summary,tls13,longllmlingua_2x,1.0457846966780928,0.875
summary,tls13,longllmlingua_2x,1.1104872378190545,1.0
summary,tls13,longllmlingua_4x,0.34165718032364856,0.125
summary,tls13,longllmlingua_4x,0.6343489219117787,0.25
summary,tls13,longllmlingua_4x,0.6428039299017525,0.375
summary,tls13,longllmlingua_4x,0.7807819929653352,0.5
summary,tls13,longllmlingua_4x,0.824894375419936,0.625
summary,tls13,longllmlingua_4x,0.9627907261346045,0.75
summary,tls13,longllmlingua_4x,1.0774219799665745,0.875
summary,tls13,longllmlingua_4x,1.1699847458525172,1.0
summary,http3,longllmlingua_2x,0.8091209769749396,0.125
summary,http3,longllmlingua_2x,0.8444798469059409,0.25
summary,http3,longllmlingua_2x,0.8881286458769443,0.375
summary,http3,longllmlingua_2x,0.9184437503302914,0.5
summary,http3,longllmlingua_2x,0.9436142829465112,0.625
summary,http3,longllmlingua_2x,0.9560170103246074,0.75
summary,http3,longllmlingua_2x,1.0223176658357693,0.875
summary,http3,longllmlingua_2x,1.0783311361749914,1.0
summary,http3,longllmlingua_4x,0.3403090946063948,0.125
summary,http3,longllmlingua_4x,0.6113805421919358,0.25
summary,http3,longllmlingua_4x,0.6254723890435038,0.375
summary,http3,longllmlingua_4x,0.7679401829001117,0.5
summary,http3,longllmlingua_4x,0.7920305578968133,0.625
summary,http3,longllmlingua_4x,0.9671096130958787,0.75
summary,http3,longllmlingua_4x,1.0547428580697662,0.875
summary,http3,longllmlingua_4x,1.1510912828101054,1.0
